Test : Rate 1,"10.00000",mm/min

Time,Extension,Load
(s),(mm),(N)
"0.00000","0.00000","1.27243"
"0.01000","0.00000","1.26250"
"0.02000","0.00003","1.23912"
"0.03000","0.00018","1.23874"
"0.04000","0.00060","1.28747"
"0.05000","0.00141","1.38019"
"0.06000","0.00268","1.52297"
"0.07000","0.00436","1.69703"
"0.08000","0.00635","1.90258"
"0.09000","0.00852","2.14071"
"0.10000","0.01077","2.38980"
"0.11000","0.01300","2.64265"
"0.12000","0.01513","2.85684"
"0.13000","0.01709","3.05052"
"0.14000","0.01893","3.22505"
"0.15000","0.02073","3.37431"
"0.16000","0.02254","3.53323"
"0.17000","0.02436","3.70596"
"0.18000","0.02618","3.87364"
"0.19000","0.02797","4.04220"
"0.20000","0.02974","4.18167"
"0.21000","0.03148","4.33836"
"0.22000","0.03317","4.49480"
"0.23000","0.03482","4.63346"
"0.24000","0.03646","4.77723"
"0.25000","0.03810","4.91602"
"0.26000","0.03971","5.04525"
"0.27000","0.04133","5.17810"
"0.28000","0.04298","5.31423"
"0.29000","0.04470","5.44253"
"0.30000","0.04650","5.57841"
"0.31000","0.04831","5.73022"
"0.32000","0.05010","5.87092"
"0.33000","0.05183","6.01406"
"0.34000","0.05351","6.15541"
"0.35000","0.05513","6.29583"
"0.36000","0.05671","6.42796"
"0.37000","0.05826","6.56495"
"0.38000","0.05982","6.68868"
"0.39000","0.06143","6.81583"
"0.40000","0.06310","6.94371"
"0.41000","0.06481","7.08422"
"0.42000","0.06655","7.23134"
"0.43000","0.06829","7.37571"
"0.44000","0.07003","7.51822"
"0.45000","0.07172","7.64793"
"0.46000","0.07334","7.77167"
"0.47000","0.07492","7.89939"
"0.48000","0.07650","8.01864"
"0.49000","0.07811","8.14016"
"0.50000","0.07974","8.28506"
"0.51000","0.08138","8.41620"
"0.52000","0.08304","8.54364"
"0.53000","0.08474","8.69001"
"0.54000","0.08649","8.83803"
"0.55000","0.08825","8.97455"
"0.56000","0.08996","9.11252"
"0.57000","0.09162","9.24400"
"0.58000","0.09325","9.36375"
"0.59000","0.09488","9.49481"
"0.60000","0.09652","9.65389"
"0.61000","0.09817","9.80151"
"0.62000","0.09985","9.92272"
"0.63000","0.10155","10.05039"
"0.64000","0.10324","10.19420"
"0.65000","0.10489","10.33103"
"0.66000","0.10651","10.45765"
"0.67000","0.10813","10.58123"
"0.68000","0.10978","10.71906"
"0.69000","0.11145","10.85236"
"0.70000","0.11310","10.98824"
"0.71000","0.11472","11.11434"
"0.72000","0.11635","11.23725"
"0.73000","0.11804","11.36210"
"0.74000","0.11979","11.49354"
"0.75000","0.12156","11.63641"
"0.76000","0.12330","11.78069"
"0.77000","0.12501","11.93177"
"0.78000","0.12668","12.07683"
"0.79000","0.12832","12.20845"
"0.80000","0.12996","12.32559"
"0.81000","0.13160","12.44574"
"0.82000","0.13328","12.56594"
"0.83000","0.13500","12.70591"
"0.84000","0.13671","12.85121"
"0.85000","0.13840","12.99272"
"0.86000","0.14005","13.12607"
"0.87000","0.14171","13.25599"
"0.88000","0.14337","13.38771"
"0.89000","0.14502","13.52206"
"0.90000","0.14661","13.66228"
"0.91000","0.14817","13.77823"
"0.92000","0.14975","13.88085"
"0.93000","0.15139","14.00223"
"0.94000","0.15307","14.11759"
"0.95000","0.15478","14.26549"
"0.96000","0.15651","14.42985"
"0.97000","0.15825","14.58078"
"0.98000","0.16001","14.73482"
"0.99000","0.16176","14.88196"
"1.00000","0.16349","15.00741"
"1.01000","0.16518","15.13742"
"1.02000","0.16683","15.25190"
"1.03000","0.16843","15.35668"
"1.04000","0.16998","15.45879"
"1.05000","0.17151","15.58112"
"1.06000","0.17306","15.71586"
"1.07000","0.17467","15.85576"
"1.08000","0.17632","15.99218"
"1.09000","0.17797","16.12385"
"1.10000","0.17961","16.26550"
"1.11000","0.18125","16.41101"
"1.12000","0.18292","16.56832"
"1.13000","0.18464","16.72397"
"1.14000","0.18634","16.86386"
"1.15000","0.18798","16.98463"
"1.16000","0.18958","17.11319"
"1.17000","0.19118","17.24098"
"1.18000","0.19283","17.35908"
"1.19000","0.19454","17.49678"
"1.20000","0.19630","17.64055"
"1.21000","0.19810","17.78935"
"1.22000","0.19990","17.93958"
"1.23000","0.20166","18.07593"
"1.24000","0.20333","18.19151"
"1.25000","0.20494","18.29757"
"1.26000","0.20654","18.41949"
"1.27000","0.20816","18.56108"
"1.28000","0.20978","18.69962"
"1.29000","0.21138","18.83924"
"1.30000","0.21299","18.96566"
"1.31000","0.21465","19.09230"
"1.32000","0.21640","19.22356"
"1.33000","0.21823","19.38387"
"1.34000","0.22007","19.54220"
"1.35000","0.22189","19.70108"
"1.36000","0.22363","19.84569"
"1.37000","0.22531","19.97629"
"1.38000","0.22692","20.08699"
"1.39000","0.22850","20.20335"
"1.40000","0.23009","20.32896"
"1.41000","0.23172","20.45905"
"1.42000","0.23339","20.60504"
"1.43000","0.23506","20.74899"
"1.44000","0.23674","20.87642"
"1.45000","0.23841","21.00608"
"1.46000","0.24011","21.15892"
"1.47000","0.24181","21.31848"
"1.48000","0.24347","21.46530"
"1.49000","0.24507","21.57804"
"1.50000","0.24665","21.66825"
"1.51000","0.24825","21.76493"
"1.52000","0.24988","21.89472"
"1.53000","0.25153","22.02798"
"1.54000","0.25318","22.16950"
"1.55000","0.25484","22.33766"
"1.56000","0.25652","22.49104"
"1.57000","0.25820","22.63069"
"1.58000","0.25988","22.77259"
"1.59000","0.26153","22.91847"
"1.60000","0.26319","23.07079"
"1.61000","0.26487","23.19512"
"1.62000","0.26655","23.30626"
"1.63000","0.26821","23.42782"
"1.64000","0.26987","23.54850"
"1.65000","0.27155","23.68370"
"1.66000","0.27327","23.82073"
"1.67000","0.27498","23.95937"
"1.68000","0.27664","24.10571"
"1.69000","0.27827","24.24466"
"1.70000","0.27990","24.39456"
"1.71000","0.28157","24.53515"
"1.72000","0.28324","24.66311"
"1.73000","0.28490","24.78129"
"1.74000","0.28653","24.91195"
"1.75000","0.28816","25.03090"
"1.76000","0.28982","25.16135"
"1.77000","0.29150","25.28850"
"1.78000","0.29321","25.42640"
"1.79000","0.29493","25.58858"
"1.80000","0.29666","25.76119"
"1.81000","0.29837","25.91567"
"1.82000","0.30004","26.04989"
"1.83000","0.30167","26.19076"
"1.84000","0.30331","26.32809"
"1.85000","0.30498","26.45664"
"1.86000","0.30669","26.59610"
"1.87000","0.30837","26.75099"
"1.88000","0.31001","26.89003"
"1.89000","0.31163","27.01875"
"1.90000","0.31326","27.12808"
"1.91000","0.31492","27.24224"
"1.92000","0.31658","27.38084"
"1.93000","0.31822","27.51191"
"1.94000","0.31983","27.64173"
"1.95000","0.32144","27.78471"
"1.96000","0.32307","27.94018"
"1.97000","0.32472","28.09380"
"1.98000","0.32641","28.24268"
"1.99000","0.32816","28.38066"
"2.00000","0.32994","28.53359"
"2.01000","0.33173","28.68735"
"2.02000","0.33349","28.82601"
"2.03000","0.33519","28.95873"
"2.04000","0.33686","29.10808"
"2.05000","0.33851","29.26177"
"2.06000","0.34011","29.40257"
"2.07000","0.34165","29.52296"
"2.08000","0.34317","29.64624"
"2.09000","0.34472","29.77186"
"2.10000","0.34634","29.88389"
"2.11000","0.34801","30.00811"
"2.12000","0.34970","30.14734"
"2.13000","0.35138","30.28434"
"2.14000","0.35304","30.43360"
"2.15000","0.35470","30.56688"
"2.16000","0.35635","30.71052"
"2.17000","0.35798","30.85250"
"2.18000","0.35960","30.99757"
"2.19000","0.36125","31.13108"
"2.20000","0.36294","31.24333"
"2.21000","0.36463","31.38990"
"2.22000","0.36632","31.54967"
"2.23000","0.36802","31.67466"
"2.24000","0.36975","31.81960"
"2.25000","0.37149","31.97354"
"2.26000","0.37320","32.11339"
"2.27000","0.37484","32.24499"
"2.28000","0.37646","32.34963"
"2.29000","0.37809","32.49423"
"2.30000","0.37975","32.64978"
"2.31000","0.38142","32.80278"
"2.32000","0.38309","32.93619"
"2.33000","0.38476","33.07729"
"2.34000","0.38646","33.20753"
"2.35000","0.38819","33.31007"
"2.36000","0.38995","33.45610"
"2.37000","0.39174","33.62945"
"2.38000","0.39353","33.77841"
"2.39000","0.39529","33.91358"
"2.40000","0.39698","34.04596"
"2.41000","0.39859","34.18389"
"2.42000","0.40016","34.31314"
"2.43000","0.40175","34.46425"
"2.44000","0.40340","34.60775"
"2.45000","0.40508","34.73757"
"2.46000","0.40675","34.84299"
"2.47000","0.40840","34.95764"
"2.48000","0.41006","35.06494"
"2.49000","0.41174","35.18267"
"2.50000","0.41342","35.32019"
"2.51000","0.41506","35.46029"
"2.52000","0.41666","35.61248"
"2.53000","0.41823","35.78826"
"2.54000","0.41982","35.95890"
"2.55000","0.42143","36.10814"
"2.56000","0.42308","36.26145"
"2.57000","0.42478","36.41087"
"2.58000","0.42653","36.54312"
"2.59000","0.42830","36.65159"
"2.60000","0.43003","36.74601"
"2.61000","0.43171","36.85708"
"2.62000","0.43336","36.98304"
"2.63000","0.43501","37.11907"
"2.64000","0.43665","37.26918"
"2.65000","0.43829","37.40780"
"2.66000","0.43989","37.54041"
"2.67000","0.44151","37.68782"
"2.68000","0.44316","37.84589"
"2.69000","0.44484","37.99519"
"2.70000","0.44652","38.12810"
"2.71000","0.44815","38.26030"
"2.72000","0.44976","38.39491"
"2.73000","0.45137","38.51719"
"2.74000","0.45301","38.64202"
"2.75000","0.45468","38.78794"
"2.76000","0.45639","38.92009"
"2.77000","0.45816","39.07195"
"2.78000","0.45996","39.22779"
"2.79000","0.46176","39.38672"
"2.80000","0.46353","39.54033"
"2.81000","0.46524","39.70110"
"2.82000","0.46693","39.84970"
"2.83000","0.46859","39.97541"
"2.84000","0.47022","40.07869"
"2.85000","0.47180","40.17373"
"2.86000","0.47336","40.27774"
"2.87000","0.47496","40.39984"
"2.88000","0.47663","40.52424"
"2.89000","0.47834","40.66080"
"2.90000","0.48003","40.81359"
"2.91000","0.48167","40.96118"
"2.92000","0.48329","41.11640"
"2.93000","0.48490","41.28376"
"2.94000","0.48651","41.44272"
"2.95000","0.48811","41.57955"
"2.96000","0.48974","41.69151"
"2.97000","0.49140","41.80104"
"2.98000","0.49309","41.92924"
"2.99000","0.49479","42.04982"
"3.00000","0.49648","42.17102"
"3.01000","0.49819","42.29832"
"3.02000","0.49995","42.43444"
"3.03000","0.50172","42.57455"
"3.04000","0.50347","42.73491"
"3.05000","0.50516","42.87931"
"3.06000","0.50680","43.02831"
"3.07000","0.50842","43.18865"
"3.08000","0.51004","43.33703"
"3.09000","0.51163","43.45827"
"3.10000","0.51320","43.57318"
"3.11000","0.51476","43.68959"
"3.12000","0.51634","43.80012"
"3.13000","0.51797","43.93286"
"3.14000","0.51963","44.07396"
"3.15000","0.52131","44.21569"
"3.16000","0.52303","44.35546"
"3.17000","0.52477","44.49363"
"3.18000","0.52650","44.63630"
"3.19000","0.52818","44.76358"
"3.20000","0.52981","44.89612"
"3.21000","0.53144","45.02640"
"3.22000","0.53310","45.13932"
"3.23000","0.53479","45.28356"
"3.24000","0.53647","45.42487"
"3.25000","0.53814","45.56958"
"3.26000","0.53982","45.70854"
"3.27000","0.54152","45.85697"
"3.28000","0.54322","46.00221"
"3.29000","0.54487","46.15046"
"3.30000","0.54648","46.29198"
"3.31000","0.54807","46.42245"
"3.32000","0.54966","46.54013"
"3.33000","0.55128","46.67332"
"3.34000","0.55293","46.81597"
"3.35000","0.55462","46.96399"
"3.36000","0.55639","47.11094"
"3.37000","0.55822","47.26041"
"3.38000","0.56007","47.40024"
"3.39000","0.56189","47.54435"
"3.40000","0.56367","47.70249"
"3.41000","0.56540","47.84536"
"3.42000","0.56708","47.97089"
"3.43000","0.56867","48.08608"
"3.44000","0.57021","48.19885"
"3.45000","0.57174","48.32006"
"3.46000","0.57334","48.45136"
"3.47000","0.57501","48.58057"
"3.48000","0.57672","48.70776"
"3.49000","0.57841","48.85205"
"3.50000","0.58010","48.98022"
"3.51000","0.58177","49.11051"
"3.52000","0.58345","49.24185"
"3.53000","0.58511","49.37051"
"3.54000","0.58674","49.50842"
"3.55000","0.58836","49.64089"
"3.56000","0.59000","49.78243"
"3.57000","0.59163","49.93394"
"3.58000","0.59326","50.06993"
"3.59000","0.59491","50.19728"
"3.60000","0.59658","50.33655"
"3.61000","0.59830","50.48803"
"3.62000","0.60000","50.62140"
"3.63000","0.60164","50.74010"
"3.64000","0.60323","50.84231"
"3.65000","0.60481","50.95507"
"3.66000","0.60645","51.08562"
"3.67000","0.60815","51.23942"
"3.68000","0.60986","51.40058"
"3.69000","0.61156","51.56567"
"3.70000","0.61324","51.71061"
"3.71000","0.61492","51.84857"
"3.72000","0.61659","51.99910"
"3.73000","0.61825","52.13000"
"3.74000","0.61992","52.25365"
"3.75000","0.62159","52.37738"
"3.76000","0.62326","52.50770"
"3.77000","0.62492","52.64649"
"3.78000","0.62656","52.76540"
"3.79000","0.62822","52.88989"
"3.80000","0.62992","53.04149"
"3.81000","0.63166","53.20890"
"3.82000","0.63340","53.37178"
"3.83000","0.63508","53.52036"
"3.84000","0.63673","53.66000"
"3.85000","0.63837","53.77948"
"3.86000","0.64003","53.90663"
"3.87000","0.64169","54.03687"
"3.88000","0.64333","54.16881"
"3.89000","0.64498","54.29832"
"3.90000","0.64665","54.44151"
"3.91000","0.64835","54.58065"
"3.92000","0.65006","54.72503"
"3.93000","0.65177","54.86110"
"3.94000","0.65349","54.99477"
"3.95000","0.65519","55.13967"
"3.96000","0.65685","55.26229"
"3.97000","0.65845","55.38930"
"3.98000","0.66000","55.50803"
"3.99000","0.66155","55.62559"
"4.00000","0.66315","55.74841"
"4.01000","0.66478","55.86301"
"4.02000","0.66642","55.98494"
"4.03000","0.66807","56.13116"
"4.04000","0.66976","56.29586"
"4.05000","0.67152","56.47317"
"4.06000","0.67333","56.63657"
"4.07000","0.67511","56.79401"
"4.08000","0.67680","56.93480"
"4.09000","0.67841","57.07410"
"4.10000","0.67997","57.19808"
"4.11000","0.68151","57.30893"
"4.12000","0.68305","57.41492"
"4.13000","0.68464","57.54204"
"4.14000","0.68628","57.68669"
"4.15000","0.68798","57.83868"
"4.16000","0.68971","57.98325"
"4.17000","0.69141","58.12111"
"4.18000","0.69311","58.25992"
"4.19000","0.69481","58.40024"
"4.20000","0.69651","58.54016"
"4.21000","0.69816","58.68602"
"4.22000","0.69974","58.82067"
"4.23000","0.70126","58.94185"
"4.24000","0.70281","59.05297"
"4.25000","0.70445","59.17967"
"4.26000","0.70618","59.31628"
"4.27000","0.70795","59.45021"
"4.28000","0.70972","59.58350"
"4.29000","0.71149","59.72314"
"4.30000","0.71324","59.88391"
"4.31000","0.71494","60.04562"
"4.32000","0.71661","60.18660"
"4.33000","0.71826","60.32243"
"4.34000","0.71990","60.44342"
"4.35000","0.72153","60.56648"
"4.36000","0.72313","60.71091"
"4.37000","0.72472","60.84630"
"4.38000","0.72636","60.99113"
"4.39000","0.72809","61.14489"
"4.40000","0.72989","61.30527"
"4.41000","0.73172","61.46476"
"4.42000","0.73351","61.60007"
"4.43000","0.73525","61.74631"
"4.44000","0.73694","61.88587"
"4.45000","0.73857","62.00888"
"4.46000","0.74014","62.12815"
"4.47000","0.74168","62.22723"
"4.48000","0.74324","62.34039"
"4.49000","0.74486","62.47167"
"4.50000","0.74654","62.63089"
"4.51000","0.74825","62.78407"
"4.52000","0.74999","62.93289"
"4.53000","0.75174","63.09003"
"4.54000","0.75350","63.24747"
"4.55000","0.75520","63.38942"
"4.56000","0.75684","63.51603"
"4.57000","0.75843","63.64299"
"4.58000","0.76003","63.76827"
"4.59000","0.76164","63.88369"
"4.60000","0.76326","64.01738"
"4.61000","0.76488","64.15617"
"4.62000","0.76651","64.29333"
"4.63000","0.76819","64.44141"
"4.64000","0.76993","64.58970"
"4.65000","0.77167","64.73116"
"4.66000","0.77337","64.85912"
"4.67000","0.77501","65.00715"
"4.68000","0.77664","65.14567"
"4.69000","0.77827","65.28236"
"4.70000","0.77992","65.40746"
"4.71000","0.78157","65.55278"
"4.72000","0.78325","65.70900"
"4.73000","0.78495","65.86790"
"4.74000","0.78663","65.99914"
"4.75000","0.78827","66.10479"
"4.76000","0.78987","66.21902"
"4.77000","0.79148","66.34988"
"4.78000","0.79313","66.49915"
"4.79000","0.79479","66.66132"
"4.80000","0.79644","66.80721"
"4.81000","0.79806","66.93727"
"4.82000","0.79971","67.06506"
"4.83000","0.80142","67.20160"
"4.84000","0.80319","67.35024"
"4.85000","0.80497","67.50725"
"4.86000","0.80671","67.65948"
"4.87000","0.80840","67.80588"
"4.88000","0.81007","67.92863"
"4.89000","0.81171","68.04847"
"4.90000","0.81334","68.17604"
"4.91000","0.81499","68.30116"
"4.92000","0.81668","68.44820"
"4.93000","0.81840","68.60579"
"4.94000","0.82011","68.75854"
"4.95000","0.82179","68.91245"
"4.96000","0.82344","69.07583"
"4.97000","0.82509","69.21696"
"4.98000","0.82674","69.34461"
"4.99000","0.82836","69.48429"
"5.00000","0.82992","69.60961"
"5.01000","0.83147","69.72041"
"5.02000","0.83306","69.84743"
"5.03000","0.83472","69.97769"
"5.04000","0.83642","70.11668"
"5.05000","0.83815","70.26266"
"5.06000","0.83989","70.40406"
"5.07000","0.84164","70.53882"
"5.08000","0.84340","70.69398"
"5.09000","0.84514","70.85043"
"5.10000","0.84685","71.00921"
"5.11000","0.84852","71.14603"
"5.12000","0.85016","71.28550"
"5.13000","0.85175","71.41035"
"5.14000","0.85330","71.51818"
"5.15000","0.85483","71.61975"
"5.16000","0.85639","71.74180"
"5.17000","0.85801","71.87610"
"5.18000","0.85967","72.01945"
"5.19000","0.86133","72.16119"
"5.20000","0.86297","72.29190"
"5.21000","0.86462","72.42347"
"5.22000","0.86631","72.57298"
"5.23000","0.86802","72.71185"
"5.24000","0.86970","72.84010"
"5.25000","0.87132","72.97453"
"5.26000","0.87291","73.09482"
"5.27000","0.87451","73.22321"
"5.28000","0.87616","73.34422"
"5.29000","0.87787","73.48319"
"5.30000","0.87964","73.63393"
"5.31000","0.88145","73.80043"
"5.32000","0.88325","73.96252"
"5.33000","0.88499","74.11844"
"5.34000","0.88665","74.26282"
"5.35000","0.88825","74.39557"
"5.36000","0.88984","74.52953"
"5.37000","0.89146","74.66086"
"5.38000","0.89307","74.77370"
"5.39000","0.89467","74.89773"
"5.40000","0.89628","75.01418"
"5.41000","0.89795","75.14242"
"5.42000","0.89972","75.29737"
"5.43000","0.90157","75.47266"
"5.44000","0.90343","75.64309"
"5.45000","0.90524","75.80061"
"5.46000","0.90698","75.94153"
"5.47000","0.90865","76.07129"
"5.48000","0.91025","76.17394"
"5.49000","0.91181","76.29198"
"5.50000","0.91340","76.43023"
"5.51000","0.91504","76.56749"
"5.52000","0.91672","76.68515"
"5.53000","0.91840","76.81096"
"5.54000","0.92006","76.94175"
"5.55000","0.92174","77.07172"
"5.56000","0.92345","77.22723"
"5.57000","0.92515","77.37869"
"5.58000","0.92680","77.50912"
"5.59000","0.92841","77.63363"
"5.60000","0.92998","77.75822"
"5.61000","0.93158","77.88693"
"5.62000","0.93320","78.01716"
"5.63000","0.93484","78.14134"
"5.64000","0.93648","78.25214"
"5.65000","0.93814","78.38266"
"5.66000","0.93983","78.53328"
"5.67000","0.94152","78.69665"
"5.68000","0.94319","78.83945"
"5.69000","0.94485","78.95900"
"5.70000","0.94652","79.09298"
"5.71000","0.94820","79.24017"
"5.72000","0.94987","79.37215"
"5.73000","0.95153","79.50919"
"5.74000","0.95317","79.64472"
"5.75000","0.95486","79.77566"
"5.76000","0.95658","79.90955"
"5.77000","0.95828","80.05547"
"5.78000","0.95995","80.18841"
"5.79000","0.96158","80.31007"
"5.80000","0.96324","80.44799"
"5.81000","0.96492","80.58760"
"5.82000","0.96660","80.73996"
"5.83000","0.96826","80.87959"
"5.84000","0.96990","81.01523"
"5.85000","0.97154","81.14465"
"5.86000","0.97321","81.27283"
"5.87000","0.97489","81.41426"
"5.88000","0.97659","81.55970"
"5.89000","0.97830","81.70360"
"5.90000","0.98002","81.84354"
"5.91000","0.98172","81.97560"
"5.92000","0.98338","82.09238"
"5.93000","0.98501","82.21479"
"5.94000","0.98666","82.34602"
"5.95000","0.98834","82.49695"
"5.96000","0.99004","82.63640"
"5.97000","0.99171","82.77821"
"5.98000","0.99333","82.89838"
"5.99000","0.99494","83.00410"
"6.00000","0.99658","83.12924"
"6.01000","0.99824","83.26752"
"6.02000","0.99990","83.40617"
"6.03000","1.00154","83.53883"
"6.04000","1.00316","83.67500"
"6.05000","1.00478","83.81606"
"6.06000","1.00643","83.95413"
"6.07000","1.00809","84.09843"
"6.08000","1.00978","84.22555"
"6.09000","1.01153","84.37749"
"6.10000","1.01331","84.53732"
"6.11000","1.01509","84.68818"
"6.12000","1.01682","84.82684"
"6.13000","1.01851","84.96136"
"6.14000","1.02017","85.08500"
"6.15000","1.02180","85.21052"
"6.16000","1.02339","85.31857"
"6.17000","1.02494","85.42318"
"6.18000","1.02647","85.53696"
"6.19000","1.02804","85.66100"
"6.20000","1.02969","85.79431"
"6.21000","1.03139","85.94540"
"6.22000","1.03309","86.09319"
"6.23000","1.03477","86.21523"
"6.24000","1.03643","86.33213"
"6.25000","1.03808","86.46830"
"6.26000","1.03970","86.60957"
"6.27000","1.04131","86.74335"
"6.28000","1.04293","86.88953"
"6.29000","1.04459","87.04792"
"6.30000","1.04629","87.19271"
"6.31000","1.04800","87.31737"
"6.32000","1.04970","87.44036"
"6.33000","1.05141","87.56918"
"6.34000","1.05315","87.71453"
"6.35000","1.05489","87.85698"
"6.36000","1.05658","87.97952"
"6.37000","1.05820","88.11629"
"6.38000","1.05980","88.25420"
"6.39000","1.06142","88.39270"
"6.40000","1.06308","88.52076"
"6.41000","1.06475","88.65631"
"6.42000","1.06643","88.78504"
"6.43000","1.06811","88.92729"
"6.44000","1.06982","89.08408"
"6.45000","1.07157","89.26640"
"6.46000","1.07334","89.44977"
"6.47000","1.07513","89.60185"
"6.48000","1.07691","89.74769"
"6.49000","1.07864","89.86978"
"6.50000","1.08029","89.98037"
"6.51000","1.08186","90.09293"
"6.52000","1.08341","90.21064"
"6.53000","1.08500","90.34517"
"6.54000","1.08665","90.49187"
"6.55000","1.08833","90.62916"
"6.56000","1.09001","90.77152"
"6.57000","1.09168","90.90305"
"6.58000","1.09336","91.04095"
"6.59000","1.09508","91.17549"
"6.60000","1.09678","91.29499"
"6.61000","1.09844","91.40923"
"6.62000","1.10004","91.53656"
"6.63000","1.10161","91.66708"
"6.64000","1.10319","91.80197"
"6.65000","1.10479","91.93192"
"6.66000","1.10642","92.07621"
"6.67000","1.10811","92.21344"
"6.68000","1.10986","92.35813"
"6.69000","1.11163","92.49868"
"6.70000","1.11336","92.63645"
"6.71000","1.11504","92.76939"
"6.72000","1.11669","92.90779"
"6.73000","1.11835","93.05296"
"6.74000","1.12000","93.18344"
"6.75000","1.12162","93.30264"
"6.76000","1.12322","93.41756"
"6.77000","1.12483","93.55107"
"6.78000","1.12649","93.70119"
"6.79000","1.12817","93.86214"
"6.80000","1.12985","93.98692"
"6.81000","1.13149","94.10503"
"6.82000","1.13311","94.23417"
"6.83000","1.13473","94.34898"
"6.84000","1.13638","94.47733"
"6.85000","1.13805","94.63164"
"6.86000","1.13976","94.77914"
"6.87000","1.14151","94.92617"
"6.88000","1.14330","95.08970"
"6.89000","1.14509","95.25338"
"6.90000","1.14684","95.39690"
"6.91000","1.14855","95.52187"
"6.92000","1.15023","95.64544"
"6.93000","1.15190","95.75716"
"6.94000","1.15353","95.86524"
"6.95000","1.15512","95.96947"
"6.96000","1.15670","96.07757"
"6.97000","1.15833","96.20773"
"6.98000","1.16002","96.35773"
"6.99000","1.16173","96.51772"
"7.00000","1.16341","96.67097"
"7.01000","1.16504","96.79882"
"7.02000","1.16664","96.91759"
"7.03000","1.16824","97.03690"
"7.04000","1.16983","97.15151"
"7.05000","1.17143","97.26572"
"7.06000","1.17306","97.38133"
"7.07000","1.17472","97.50311"
"7.08000","1.17642","97.64275"
"7.09000","1.17812","97.79179"
"7.10000","1.17981","97.94386"
"7.11000","1.18152","98.09364"
"7.12000","1.18327","98.22070"
"7.13000","1.18505","98.35629"
"7.14000","1.18678","98.49266"
"7.15000","1.18846","98.62508"
"7.16000","1.19009","98.74571"
"7.17000","1.19171","98.86005"
"7.18000","1.19333","98.98197"
"7.19000","1.19493","99.10191"
"7.20000","1.19650","99.21545"
"7.21000","1.19806","99.33794"
"7.22000","1.19965","99.46861"
"7.23000","1.20127","99.61672"
"7.24000","1.20293","99.76344"
"7.25000","1.20463","99.90357"
"7.26000","1.20635","100.03319"
"7.27000","1.20810","100.17799"
"7.28000","1.20982","100.33341"
"7.29000","1.21149","100.47081"
"7.30000","1.21312","100.57641"
"7.31000","1.21476","100.68898"
"7.32000","1.21644","100.80659"
"7.33000","1.21814","100.94409"
"7.34000","1.21984","101.08101"
"7.35000","1.22153","101.22326"
"7.36000","1.22322","101.36591"
"7.37000","1.22492","101.51736"
"7.38000","1.22660","101.63837"
"7.39000","1.22822","101.75307"
"7.40000","1.22980","101.88352"
"7.41000","1.23137","102.01604"
"7.42000","1.23296","102.14520"
"7.43000","1.23458","102.27452"
"7.44000","1.23625","102.41379"
"7.45000","1.23797","102.56165"
"7.46000","1.23976","102.71365"
"7.47000","1.24161","102.86723"
"7.48000","1.24345","103.02688"
"7.49000","1.24526","103.18287"
"7.50000","1.24702","103.30617"
"7.51000","1.24874","103.41718"
"7.52000","1.25039","103.52938"
"7.53000","1.25196","103.64333"
"7.54000","1.25349","103.75632"
"7.55000","1.25503","103.87446"
"7.56000","1.25664","104.01738"
"7.57000","1.25832","104.18697"
"7.58000","1.26003","104.37270"
"7.59000","1.26172","104.56969"
"7.60000","1.26340","104.78303"
"7.61000","1.26508","104.99442"
"7.62000","1.26676","105.21543"
"7.63000","1.26841","105.43100"
"7.64000","1.27004","105.63177"
"7.65000","1.27167","105.83668"
"7.66000","1.27331","106.04018"
"7.67000","1.27495","106.24609"
"7.68000","1.27659","106.47509"
"7.69000","1.27825","106.70634"
"7.70000","1.27996","106.94948"
"7.71000","1.28170","107.19026"
"7.72000","1.28341","107.41019"
"7.73000","1.28505","107.63030"
"7.74000","1.28663","107.83618"
"7.75000","1.28821","108.04127"
"7.76000","1.28984","108.24799"
"7.77000","1.29151","108.46806"
"7.78000","1.29319","108.70204"
"7.79000","1.29487","108.93521"
"7.80000","1.29653","109.16959"
"7.81000","1.29821","109.39831"
"7.82000","1.29988","109.62083"
"7.83000","1.30155","109.85285"
"7.84000","1.30321","110.09521"
"7.85000","1.30489","110.34107"
"7.86000","1.30656","110.54866"
"7.87000","1.30821","110.74750"
"7.88000","1.30984","110.95090"
"7.89000","1.31150","111.18184"
"7.90000","1.31321","111.41785"
"7.91000","1.31497","111.67530"
"7.92000","1.31671","111.92924"
"7.93000","1.31839","112.16517"
"7.94000","1.32005","112.38529"
"7.95000","1.32169","112.59721"
"7.96000","1.32335","112.79899"
"7.97000","1.32500","113.00835"
"7.98000","1.32663","113.21383"
"7.99000","1.32827","113.42995"
"8.00000","1.32994","113.65282"
"8.01000","1.33163","113.88795"
"8.02000","1.33334","114.11975"
"8.03000","1.33505","114.35075"
"8.04000","1.33677","114.58389"
"8.05000","1.33848","114.81710"
"8.06000","1.34015","115.04265"
"8.07000","1.34177","115.27830"
"8.08000","1.34336","115.49757"
"8.09000","1.34496","115.69669"
"8.10000","1.34658","115.89932"
"8.11000","1.34822","116.11330"
"8.12000","1.34984","116.33511"
"8.13000","1.35147","116.53976"
"8.14000","1.35314","116.74507"
"8.15000","1.35489","116.97486"
"8.16000","1.35668","117.21800"
"8.17000","1.35844","117.46349"
"8.18000","1.36011","117.67641"
"8.19000","1.36171","117.88035"
"8.20000","1.36327","118.09204"
"8.21000","1.36481","118.29340"
"8.22000","1.36636","118.49610"
"8.23000","1.36795","118.71038"
"8.24000","1.36960","118.94090"
"8.25000","1.37130","119.17300"
"8.26000","1.37301","119.39146"
"8.27000","1.37472","119.58699"
"8.28000","1.37641","119.79881"
"8.29000","1.37812","120.02592"
"8.30000","1.37982","120.24892"
"8.31000","1.38146","120.47302"
"8.32000","1.38303","120.67262"
"8.33000","1.38457","120.85310"
"8.34000","1.38614","121.05476"
"8.35000","1.38780","121.28206"
"8.36000","1.38953","121.54031"
"8.37000","1.39129","121.79726"
"8.38000","1.39306","122.04846"
"8.39000","1.39481","122.27344"
"8.40000","1.39654","122.46938"
"8.41000","1.39824","122.65392"
"8.42000","1.39991","122.85361"
"8.43000","1.40157","123.06597"
"8.44000","1.40323","123.29199"
"8.45000","1.40488","123.52120"
"8.46000","1.40650","123.73620"
"8.47000","1.40812","123.94163"
"8.48000","1.40979","124.16306"
"8.49000","1.41153","124.40495"
"8.50000","1.41333","124.64271"
"8.51000","1.41513","124.88555"
"8.52000","1.41689","125.11921"
"8.53000","1.41860","125.34250"
"8.54000","1.42026","125.55489"
"8.55000","1.42187","125.75377"
"8.56000","1.42344","125.92836"
"8.57000","1.42499","126.12791"
"8.58000","1.42657","126.33814"
"8.59000","1.42820","126.55341"
"8.60000","1.42989","126.77976"
"8.61000","1.43160","126.99920"
"8.62000","1.43333","127.21575"
"8.63000","1.43508","127.42856"
"8.64000","1.43682","127.65598"
"8.65000","1.43849","127.87449"
"8.66000","1.44010","128.06963"
"8.67000","1.44168","128.26509"
"8.68000","1.44326","128.47766"
"8.69000","1.44488","128.69270"
"8.70000","1.44649","128.89937"
"8.71000","1.44811","129.10236"
"8.72000","1.44975","129.31146"
"8.73000","1.45145","129.54947"
"8.74000","1.45321","129.78281"
"8.75000","1.45495","130.01169"
"8.76000","1.45664","130.22311"
"8.77000","1.45828","130.42227"
"8.78000","1.45991","130.60959"
"8.79000","1.46155","130.79469"
"8.80000","1.46321","130.98749"
"8.81000","1.46488","131.20155"
"8.82000","1.46659","131.45088"
"8.83000","1.46832","131.67477"
"8.84000","1.47002","131.87422"
"8.85000","1.47166","132.07379"
"8.86000","1.47327","132.28160"
"8.87000","1.47488","132.47633"
"8.88000","1.47653","132.67291"
"8.89000","1.47817","132.87840"
"8.90000","1.47979","133.09668"
"8.91000","1.48139","133.30948"
"8.92000","1.48303","133.51381"
"8.93000","1.48474","133.75349"
"8.94000","1.48650","134.00148"
"8.95000","1.48827","134.23340"
"8.96000","1.49000","134.45206"
"8.97000","1.49169","134.65660"
"8.98000","1.49335","134.85277"
"8.99000","1.49498","135.03680"
"9.00000","1.49661","135.23564"
"9.01000","1.49826","135.44543"
"9.02000","1.49995","135.66075"
"9.03000","1.50167","135.88914"
"9.04000","1.50339","136.11118"
"9.05000","1.50507","136.33557"
"9.06000","1.50673","136.53477"
"9.07000","1.50840","136.73685"
"9.08000","1.51006","136.93759"
"9.09000","1.51168","137.13080"
"9.10000","1.51324","137.33229"
"9.11000","1.51479","137.52063"
"9.12000","1.51639","137.70932"
"9.13000","1.51804","137.91434"
"9.14000","1.51974","138.12137"
"9.15000","1.52146","138.33954"
"9.16000","1.52320","138.57729"
"9.17000","1.52496","138.83044"
"9.18000","1.52673","139.07678"
"9.19000","1.52849","139.29498"
"9.20000","1.53020","139.49767"
"9.21000","1.53188","139.69295"
"9.22000","1.53351","139.88858"
"9.23000","1.53510","140.07707"
"9.24000","1.53664","140.24744"
"9.25000","1.53817","140.42674"
"9.26000","1.53973","140.62383"
"9.27000","1.54135","140.80605"
"9.28000","1.54301","141.00465"
"9.29000","1.54466","141.21584"
"9.30000","1.54630","141.43010"
"9.31000","1.54796","141.66649"
"9.32000","1.54966","141.90146"
"9.33000","1.55137","142.12099"
"9.34000","1.55305","142.32558"
"9.35000","1.55466","142.50800"
"9.36000","1.55623","142.66573"
"9.37000","1.55783","142.83389"
"9.38000","1.55948","143.04352"
"9.39000","1.56120","143.26785"
"9.40000","1.56297","143.52742"
"9.41000","1.56478","143.78896"
"9.42000","1.56658","144.01836"
"9.43000","1.56831","144.23077"
"9.44000","1.56996","144.43248"
"9.45000","1.57157","144.63654"
"9.46000","1.57318","144.84062"
"9.47000","1.57480","145.03088"
"9.48000","1.57640","145.22728"
"9.49000","1.57799","145.39281"
"9.50000","1.57959","145.56755"
"9.51000","1.58127","145.75624"
"9.52000","1.58305","145.97585"
"9.53000","1.58491","146.21799"
"9.54000","1.58676","146.46465"
"9.55000","1.58858","146.70639"
"9.56000","1.59033","146.92635"
"9.57000","1.59200","147.12164"
"9.58000","1.59361","147.29288"
"9.59000","1.59519","147.46785"
"9.60000","1.59679","147.65492"
"9.61000","1.59843","147.87421"
"9.62000","1.60009","148.08786"
"9.63000","1.60174","148.28961"
"9.64000","1.60339","148.48227"
"9.65000","1.60505","148.67316"
"9.66000","1.60674","148.87227"
"9.67000","1.60843","149.08804"
"9.68000","1.61007","149.29686"
"9.69000","1.61167","149.48450"
"9.70000","1.61325","149.66232"
"9.71000","1.61487","149.83685"
"9.72000","1.61651","150.04306"
"9.73000","1.61816","150.25632"
"9.74000","1.61982","150.47391"
"9.75000","1.62149","150.69038"
"9.76000","1.62318","150.91321"
"9.77000","1.62487","151.11389"
"9.78000","1.62653","151.30240"
"9.79000","1.62819","151.48877"
"9.80000","1.62986","151.69266"
"9.81000","1.63155","151.91406"
"9.82000","1.63322","152.12459"
"9.83000","1.63488","152.32759"
"9.84000","1.63654","152.52522"
"9.85000","1.63823","152.73349"
"9.86000","1.63994","152.94353"
"9.87000","1.64162","153.13307"
"9.88000","1.64324","153.31972"
"9.89000","1.64485","153.52020"
"9.90000","1.64648","153.71658"
"9.91000","1.64815","153.91101"
"9.92000","1.64984","154.11143"
"9.93000","1.65151","154.31853"
"9.94000","1.65318","154.51070"
"9.95000","1.65485","154.72162"
"9.96000","1.65654","154.94724"
"9.97000","1.65825","155.15625"
"9.98000","1.65996","155.36247"
"9.99000","1.66169","155.57904"
"10.00000","1.66342","155.78583"
"10.01000","1.66511","155.99657"
"10.02000","1.66676","156.18710"
"10.03000","1.66838","156.36784"
"10.04000","1.67002","156.54790"
"10.05000","1.67171","156.73055"
"10.06000","1.67340","156.92188"
"10.07000","1.67505","157.11583"
"10.08000","1.67667","157.31137"
"10.09000","1.67828","157.49915"
"10.10000","1.67992","157.70076"
"10.11000","1.68158","157.90030"
"10.12000","1.68323","158.11316"
"10.13000","1.68485","158.33191"
"10.14000","1.68646","158.53398"
"10.15000","1.68809","158.73291"
"10.16000","1.68973","158.90605"
"10.17000","1.69140","159.08917"
"10.18000","1.69310","159.30110"
"10.19000","1.69486","159.50906"
"10.20000","1.69665","159.73473"
"10.21000","1.69842","159.95546"
"10.22000","1.70014","160.15948"
"10.23000","1.70182","160.36580"
"10.24000","1.70347","160.55463"
"10.25000","1.70509","160.74292"
"10.26000","1.70666","160.91716"
"10.27000","1.70820","161.07501"
"10.28000","1.70972","161.24509"
"10.29000","1.71130","161.42538"
"10.30000","1.71296","161.62085"
"10.31000","1.71467","161.82002"
"10.32000","1.71639","162.02562"
"10.33000","1.71809","162.23215"
"10.34000","1.71977","162.42632"
"10.35000","1.72144","162.62627"
"10.36000","1.72308","162.82692"
"10.37000","1.72470","163.02760"
"10.38000","1.72633","163.22189"
"10.39000","1.72800","163.41449"
"10.40000","1.72969","163.60078"
"10.41000","1.73138","163.79449"
"10.42000","1.73307","163.99019"
"10.43000","1.73477","164.20026"
"10.44000","1.73651","164.41531"
"10.45000","1.73824","164.63718"
"10.46000","1.73991","164.83696"
"10.47000","1.74153","165.02779"
"10.48000","1.74312","165.21487"
"10.49000","1.74475","165.40393"
"10.50000","1.74640","165.60178"
"10.51000","1.74807","165.79355"
"10.52000","1.74973","165.98682"
"10.53000","1.75141","166.17868"
"10.54000","1.75312","166.38376"
"10.55000","1.75488","166.59343"
"10.56000","1.75666","166.81248"
"10.57000","1.75846","167.03851"
"10.58000","1.76024","167.26811"
"10.59000","1.76197","167.48872"
"10.60000","1.76360","167.68880"
"10.61000","1.76516","167.85834"
"10.62000","1.76671","168.01361"
"10.63000","1.76830","168.18997"
"10.64000","1.76997","168.37366"
"10.65000","1.77165","168.58037"
"10.66000","1.77333","168.77789"
"10.67000","1.77501","168.96761"
"10.68000","1.77671","169.17068"
"10.69000","1.77843","169.38750"
"10.70000","1.78014","169.61040"
"10.71000","1.78180","169.80392"
"10.72000","1.78340","169.94823"
"10.73000","1.78498","170.10007"
"10.74000","1.78656","170.26866"
"10.75000","1.78816","170.45941"
"10.76000","1.78980","170.66992"
"10.77000","1.79150","170.89534"
"10.78000","1.79324","171.12418"
"10.79000","1.79499","171.34331"
"10.80000","1.79671","171.55969"
"10.81000","1.79837","171.76462"
"10.82000","1.80001","171.95425"
"10.83000","1.80166","172.14452"
"10.84000","1.80330","172.31569"
"10.85000","1.80491","172.47032"
"10.86000","1.80650","172.63966"
"10.87000","1.80812","172.83649"
"10.88000","1.80977","173.06134"
"10.89000","1.81146","173.27345"
"10.90000","1.81313","173.45657"
"10.91000","1.81477","173.63571"
"10.92000","1.81640","173.81485"
"10.93000","1.81804","173.99588"
"10.94000","1.81970","174.20569"
"10.95000","1.82138","174.40819"
"10.96000","1.82309","174.61717"
"10.97000","1.82485","174.82584"
"10.98000","1.82664","175.05830"
"10.99000","1.82842","175.28424"
"11.00000","1.83015","175.49915"
"11.01000","1.83185","175.69365"
"11.02000","1.83352","175.90385"
"11.03000","1.83519","176.11429"
"11.04000","1.83681","176.30113"
"11.05000","1.83840","176.46074"
"11.06000","1.84000","176.63632"
"11.07000","1.84165","176.82294"
"11.08000","1.84336","177.03648"
"11.09000","1.84508","177.26115"
"11.10000","1.84676","177.46713"
"11.11000","1.84839","177.66339"
"11.12000","1.84999","177.84039"
"11.13000","1.85159","178.01288"
"11.14000","1.85318","178.18155"
"11.15000","1.85478","178.36714"
"11.16000","1.85641","178.56718"
"11.17000","1.85808","178.77696"
"11.18000","1.85978","178.97913"
"11.19000","1.86148","179.15863"
"11.20000","1.86317","179.34351"
"11.21000","1.86489","179.55908"
"11.22000","1.86665","179.78304"
"11.23000","1.86841","180.01810"
"11.24000","1.87012","180.22479"
"11.25000","1.87177","180.42624"
"11.26000","1.87338","180.60318"
"11.27000","1.87500","180.77664"
"11.28000","1.87661","180.96867"
"11.29000","1.87821","181.16283"
"11.30000","1.87978","181.34578"
"11.31000","1.88135","181.51401"
"11.32000","1.88294","181.69016"
"11.33000","1.88457","181.89119"
"11.34000","1.88623","182.10974"
"11.35000","1.88793","182.32124"
"11.36000","1.88966","182.53946"
"11.37000","1.89141","182.75575"
"11.38000","1.89313","182.96817"
"11.39000","1.89480","183.17451"
"11.40000","1.89643","183.37770"
"11.41000","1.89808","183.56645"
"11.42000","1.89976","183.76074"
"11.43000","1.90146","183.95337"
"11.44000","1.90316","184.13681"
"11.45000","1.90485","184.32130"
"11.46000","1.90655","184.55075"
"11.47000","1.90826","184.77196"
"11.48000","1.90994","184.98166"
"11.49000","1.91157","185.16214"
"11.50000","1.91315","185.33369"
"11.51000","1.91471","185.52158"
"11.52000","1.91630","185.71667"
"11.53000","1.91791","185.91022"
"11.54000","1.91957","186.08170"
"11.55000","1.92130","186.28191"
"11.56000","1.92311","186.51750"
"11.57000","1.92497","186.77989"
"11.58000","1.92683","187.04759"
"11.59000","1.92864","187.28746"
"11.60000","1.93039","187.50241"
"11.61000","1.93210","187.70317"
"11.62000","1.93372","187.89685"
"11.63000","1.93528","188.06693"
"11.64000","1.93679","188.22339"
"11.65000","1.93833","188.38324"
"11.66000","1.93995","188.57913"
"11.67000","1.94165","188.79234"
"11.68000","1.94337","189.00340"
"11.69000","1.94507","189.21521"
"11.70000","1.94675","189.42107"
"11.71000","1.94843","189.61572"
"11.72000","1.95010","189.80907"
"11.73000","1.95174","189.99571"
"11.74000","1.95337","190.18054"
"11.75000","1.95499","190.37888"
"11.76000","1.95662","190.56068"
"11.77000","1.95825","190.74898"
"11.78000","1.95988","190.95959"
"11.79000","1.96154","191.16866"
"11.80000","1.96324","191.38246"
"11.81000","1.96498","191.59399"
"11.82000","1.96669","191.79886"
"11.83000","1.96833","191.98859"
"11.84000","1.96993","192.14534"
"11.85000","1.97154","192.31590"
"11.86000","1.97320","192.51663"
"11.87000","1.97489","192.75566"
"11.88000","1.97657","192.98920"
"11.89000","1.97824","193.20291"
"11.90000","1.97991","193.41467"
"11.91000","1.98158","193.61353"
"11.92000","1.98325","193.81581"
"11.93000","1.98492","194.01170"
"11.94000","1.98659","194.21361"
"11.95000","1.98828","194.40787"
"11.96000","1.98995","194.60680"
"11.97000","1.99160","194.82246"
"11.98000","1.99324","195.03111"
"11.99000","1.99490","195.22035"
"12.00000","1.99662","195.41925"
"12.01000","1.99836","195.64131"
"12.02000","2.00007","195.85490"
"12.03000","2.00173","196.05255"
"12.04000","2.00336","196.25797"
"12.05000","2.00500","196.46935"
"12.06000","2.00666","196.67569"
"12.07000","2.00831","196.87331"
"12.08000","2.00995","197.05478"
"12.09000","2.01159","197.23842"
"12.10000","2.01326","197.41486"
"12.11000","2.01496","197.61551"
"12.12000","2.01666","197.82979"
"12.13000","2.01835","198.04382"
"12.14000","2.02006","198.25871"
"12.15000","2.02176","198.46439"
"12.16000","2.02342","198.66606"
"12.17000","2.02503","198.84473"
"12.18000","2.02661","199.02794"
"12.19000","2.02822","199.21587"
"12.20000","2.02986","199.40443"
"12.21000","2.03152","199.59685"
"12.22000","2.03318","199.79579"
"12.23000","2.03484","199.99876"
"12.24000","2.03655","200.21892"
"12.25000","2.03831","200.47118"
"12.26000","2.04010","200.71664"
"12.27000","2.04183","200.94208"
"12.28000","2.04347","201.14832"
"12.29000","2.04505","201.31569"
"12.30000","2.04659","201.46680"
"12.31000","2.04813","201.62523"
"12.32000","2.04968","201.79353"
"12.33000","2.05129","201.99815"
"12.34000","2.05295","202.21526"
"12.35000","2.05466","202.42717"
"12.36000","2.05636","202.63513"
"12.37000","2.05805","202.85962"
"12.38000","2.05974","203.07860"
"12.39000","2.06145","203.29146"
"12.40000","2.06315","203.51086"
"12.41000","2.06479","203.68704"
"12.42000","2.06635","203.85268"
"12.43000","2.06789","204.02199"
"12.44000","2.06948","204.21838"
"12.45000","2.07115","204.44408"
"12.46000","2.07289","204.67601"
"12.47000","2.07465","204.90732"
"12.48000","2.07641","205.12791"
"12.49000","2.07815","205.34662"
"12.50000","2.07987","205.56339"
"12.51000","2.08154","205.75793"
"12.52000","2.08319","205.95186"
"12.53000","2.08483","206.13731"
"12.54000","2.08648","206.32645"
"12.55000","2.08812","206.51881"
"12.56000","2.08976","206.71396"
"12.57000","2.09140","206.91507"
"12.58000","2.09311","207.11342"
"12.59000","2.09490","207.33569"
"12.60000","2.09674","207.58138"
"12.61000","2.09856","207.83127"
"12.62000","2.10033","208.06293"
"12.63000","2.10204","208.29108"
"12.64000","2.10369","208.48770"
"12.65000","2.10527","208.66478"
"12.66000","2.10681","208.82117"
"12.67000","2.10834","208.98769"
"12.68000","2.10990","209.17216"
"12.69000","2.11154","209.37567"
"12.70000","2.11323","209.56941"
"12.71000","2.11494","209.78114"
"12.72000","2.11669","210.01082"
"12.73000","2.11844","210.24777"
"12.74000","2.12018","210.46140"
"12.75000","2.12185","210.65950"
"12.76000","2.12346","210.85214"
"12.77000","2.12504","211.03313"
"12.78000","2.12665","211.21556"
"12.79000","2.12827","211.41046"
"12.80000","2.12989","211.61554"
"12.81000","2.13151","211.80710"
"12.82000","2.13316","212.00780"
"12.83000","2.13487","212.23193"
"12.84000","2.13661","212.44861"
"12.85000","2.13833","212.66315"
"12.86000","2.13999","212.86237"
"12.87000","2.14160","213.04758"
"12.88000","2.14321","213.23640"
"12.89000","2.14485","213.43942"
"12.90000","2.14650","213.63940"
"12.91000","2.14818","213.84621"
"12.92000","2.14990","214.05685"
"12.93000","2.15163","214.27304"
"12.94000","2.15333","214.48050"
"12.95000","2.15498","214.67883"
"12.96000","2.15660","214.87901"
"12.97000","2.15824","215.06557"
"12.98000","2.15991","215.23799"
"12.99000","2.16156","215.42516"
"13.00000","2.16318","215.62001"
"13.01000","2.16478","215.83102"
"13.02000","2.16643","216.03879"
"13.03000","2.16815","216.24297"
"13.04000","2.16991","216.45604"
"13.05000","2.17166","216.67464"
"13.06000","2.17337","216.86507"
"13.07000","2.17504","217.05397"
"13.08000","2.17670","217.26936"
"13.09000","2.17833","217.48515"
"13.10000","2.17996","217.69043"
"13.11000","2.18163","217.89577"
"13.12000","2.18333","218.09163"
"13.13000","2.18506","218.29765"
"13.14000","2.18677","218.51556"
"13.15000","2.18844","218.71742"
"13.16000","2.19009","218.92300"
"13.17000","2.19175","219.11501"
"13.18000","2.19340","219.30734"
"13.19000","2.19500","219.49913"
"13.20000","2.19656","219.67694"
"13.21000","2.19812","219.86234"
"13.22000","2.19972","220.05338"
"13.23000","2.20138","220.27507"
"13.24000","2.20307","220.47787"
"13.25000","2.20478","220.66945"
"13.26000","2.20650","220.86931"
"13.27000","2.20825","221.09506"
"13.28000","2.21000","221.31943"
"13.29000","2.21175","221.54185"
"13.30000","2.21346","221.77054"
"13.31000","2.21514","221.99954"
"13.32000","2.21679","222.20770"
"13.33000","2.21840","222.39954"
"13.34000","2.21996","222.56921"
"13.35000","2.22152","222.74187"
"13.36000","2.22312","222.93974"
"13.37000","2.22477","223.14365"
"13.38000","2.22643","223.35220"
"13.39000","2.22806","223.54868"
"13.40000","2.22968","223.74350"
"13.41000","2.23134","223.94174"
"13.42000","2.23303","224.15289"
"13.43000","2.23474","224.38533"
"13.44000","2.23639","224.58611"
"13.45000","2.23799","224.77338"
"13.46000","2.23957","224.95844"
"13.47000","2.24118","225.14407"
"13.48000","2.24285","225.34395"
"13.49000","2.24457","225.57224"
"13.50000","2.24635","225.79596"
"13.51000","2.24816","226.01180"
"13.52000","2.24994","226.24002"
"13.53000","2.25165","226.46043"
"13.54000","2.25328","226.66528"
"13.55000","2.25487","226.86290"
"13.56000","2.25648","227.05199"
"13.57000","2.25810","227.23543"
"13.58000","2.25970","227.41522"
"13.59000","2.26129","227.58829"
"13.60000","2.26290","227.76053"
"13.61000","2.26460","227.96133"
"13.62000","2.26639","228.20129"
"13.63000","2.26824","228.46214"
"13.64000","2.27008","228.72655"
"13.65000","2.27187","228.97299"
"13.66000","2.27360","229.20842"
"13.67000","2.27526","229.39929"
"13.68000","2.27686","229.57533"
"13.69000","2.27846","229.75195"
"13.70000","2.28009","229.94098"
"13.71000","2.28176","230.14244"
"13.72000","2.28345","230.34642"
"13.73000","2.28514","230.53259"
"13.74000","2.28681","230.73247"
"13.75000","2.28849","230.93587"
"13.76000","2.29019","231.14569"
"13.77000","2.29185","231.35944"
"13.78000","2.29346","231.55920"
"13.79000","2.29502","231.75342"
"13.80000","2.29659","231.93709"
"13.81000","2.29819","232.12338"
"13.82000","2.29984","232.31665"
"13.83000","2.30149","232.50531"
"13.84000","2.30315","232.71634"
"13.85000","2.30483","232.94313"
"13.86000","2.30652","233.16576"
"13.87000","2.30820","233.36293"
"13.88000","2.30985","233.56128"
"13.89000","2.31151","233.76117"
"13.90000","2.31318","233.96678"
"13.91000","2.31487","234.16632"
"13.92000","2.31654","234.36977"
"13.93000","2.31820","234.58000"
"13.94000","2.31986","234.79962"
"13.95000","2.32155","235.02791"
"13.96000","2.32325","235.24706"
"13.97000","2.32492","235.45555"
"13.98000","2.32654","235.62685"
"13.99000","2.32814","235.78761"
"14.00000","2.32979","235.97681"
"14.01000","2.33147","236.19611"
"14.02000","2.33316","236.42284"
"14.03000","2.33483","236.64178"
"14.04000","2.33649","236.85188"
"14.05000","2.33817","237.06813"
"14.06000","2.33986","237.28186"
"14.07000","2.34158","237.50072"
"14.08000","2.34330","237.71313"
"14.09000","2.34505","237.94078"
"14.10000","2.34679","238.17107"
"14.11000","2.34849","238.38710"
"14.12000","2.35014","238.56798"
"14.13000","2.35176","238.75092"
"14.14000","2.35341","238.95337"
"14.15000","2.35509","239.16563"
"14.16000","2.35676","239.39166"
"14.17000","2.35839","239.59776"
"14.18000","2.35999","239.78572"
"14.19000","2.36161","239.98724"
"14.20000","2.36325","240.17429"
"14.21000","2.36492","240.36618"
"14.22000","2.36656","240.55791"
"14.23000","2.36819","240.76012"
"14.24000","2.36980","240.97031"
"14.25000","2.37143","241.17070"
"14.26000","2.37307","241.37268"
"14.27000","2.37474","241.57513"
"14.28000","2.37645","241.79192"
"14.29000","2.37821","242.01172"
"14.30000","2.37999","242.24443"
"14.31000","2.38176","242.47302"
"14.32000","2.38347","242.68799"
"14.33000","2.38514","242.91258"
"14.34000","2.38678","243.11150"
"14.35000","2.38840","243.29819"
"14.36000","2.38996","243.45662"
"14.37000","2.39148","243.60106"
"14.38000","2.39301","243.78091"
"14.39000","2.39461","243.98346"
"14.40000","2.39629","244.20485"
"14.41000","2.39800","244.42641"
"14.42000","2.39972","244.64824"
"14.43000","2.40142","244.85475"
"14.44000","2.40311","245.05655"
"14.45000","2.40478","245.25078"
"14.46000","2.40643","245.44972"
"14.47000","2.40805","245.64107"
"14.48000","2.40969","245.84102"
"14.49000","2.41136","246.05919"
"14.50000","2.41305","246.28719"
"14.51000","2.41474","246.49390"
"14.52000","2.41643","246.69308"
"14.53000","2.41813","246.91100"
"14.54000","2.41986","247.14645"
"14.55000","2.42157","247.36284"
"14.56000","2.42323","247.55394"
"14.57000","2.42484","247.73773"
"14.58000","2.42645","247.92297"
"14.59000","2.42809","248.11325"
"14.60000","2.42976","248.31790"
"14.61000","2.43144","248.50514"
"14.62000","2.43310","248.69437"
"14.63000","2.43477","248.90747"
"14.64000","2.43648","249.12370"
"14.65000","2.43822","249.35048"
"14.66000","2.44000","249.58069"
"14.67000","2.44178","249.82162"
"14.68000","2.44356","250.06242"
"14.69000","2.44527","250.28340"
"14.70000","2.44690","250.47546"
"14.71000","2.44846","250.65068"
"14.72000","2.45002","250.81018"
"14.73000","2.45163","250.99397"
"14.74000","2.45330","251.19606"
"14.75000","2.45498","251.41031"
"14.76000","2.45665","251.64130"
"14.77000","2.45832","251.88739"
"14.78000","2.46003","252.11716"
"14.79000","2.46175","252.33688"
"14.80000","2.46345","252.53416"
"14.81000","2.46510","252.72029"
"14.82000","2.46670","252.90279"
"14.83000","2.46829","253.07639"
"14.84000","2.46989","253.26349"
"14.85000","2.47151","253.45518"
"14.86000","2.47317","253.65756"
"14.87000","2.47488","253.87271"
"14.88000","2.47663","254.09013"
"14.89000","2.47837","254.30402"
"14.90000","2.48006","254.51408"
"14.91000","2.48170","254.70538"
"14.92000","2.48334","254.89478"
"14.93000","2.48499","255.08949"
"14.94000","2.48663","255.30374"
"14.95000","2.48824","255.49818"
"14.96000","2.48985","255.68484"
"14.97000","2.49147","255.87146"
"14.98000","2.49315","256.06268"
"14.99000","2.49484","256.26562"
"15.00000","2.49650","256.45657"
"15.01000","2.49813","256.64050"
"15.02000","2.49975","256.82486"
"15.03000","2.50138","257.02448"
"15.04000","2.50304","257.24561"
"15.05000","2.50471","257.46661"
"15.06000","2.50643","257.68686"
"15.07000","2.50820","257.90985"
"15.08000","2.50999","258.15317"
"15.09000","2.51176","258.38449"
"15.10000","2.51348","258.60944"
"15.11000","2.51516","258.81104"
"15.12000","2.51682","259.01181"
"15.13000","2.51847","259.22574"
"15.14000","2.52009","259.41693"
"15.15000","2.52167","259.58582"
"15.16000","2.52328","259.77185"
"15.17000","2.52495","259.98013"
"15.18000","2.52667","260.19287"
"15.19000","2.52840","260.39380"
"15.20000","2.53009","260.58203"
"15.21000","2.53173","260.75812"
"15.22000","2.53335","260.95096"
"15.23000","2.53496","261.13834"
"15.24000","2.53656","261.33133"
"15.25000","2.53816","261.51608"
"15.26000","2.53980","261.69821"
"15.27000","2.54147","261.90250"
"15.28000","2.54316","262.12009"
"15.29000","2.54484","262.33600"
"15.30000","2.54653","262.55298"
"15.31000","2.54824","262.76172"
"15.32000","2.55000","262.97867"
"15.33000","2.55175","263.20941"
"15.34000","2.55346","263.43362"
"15.35000","2.55512","263.63791"
"15.36000","2.55675","263.82626"
"15.37000","2.55837","264.01245"
"15.38000","2.55998","264.18491"
"15.39000","2.56157","264.35831"
"15.40000","2.56313","264.53656"
"15.41000","2.56469","264.71152"
"15.42000","2.56629","264.90030"
"15.43000","2.56793","265.10074"
"15.44000","2.56959","265.30692"
"15.45000","2.57129","265.50262"
"15.46000","2.57302","265.70200"
"15.47000","2.57475","265.90451"
"15.48000","2.57645","266.10538"
"15.49000","2.57808","266.30627"
"15.50000","2.57969","266.51212"
"15.51000","2.58133","266.72604"
"15.52000","2.58301","266.96448"
"15.53000","2.58472","267.19333"
"15.54000","2.58643","267.41385"
"15.55000","2.58813","267.61627"
"15.56000","2.58986","267.83389"
"15.57000","2.59159","268.04550"
"15.58000","2.59329","268.24869"
"15.59000","2.59492","268.45212"
"15.60000","2.59651","268.62408"
"15.61000","2.59808","268.77914"
"15.62000","2.59967","268.96213"
"15.63000","2.60128","269.17056"
"15.64000","2.60294","269.37698"
"15.65000","2.60467","269.58438"
"15.66000","2.60647","269.80432"
"15.67000","2.60832","270.05960"
"15.68000","2.61016","270.32037"
"15.69000","2.61195","270.56656"
"15.70000","2.61370","270.79309"
"15.71000","2.61538","271.01004"
"15.72000","2.61700","271.20081"
"15.73000","2.61855","271.36234"
"15.74000","2.62006","271.51474"
"15.75000","2.62161","271.68475"
"15.76000","2.62324","271.88257"
"15.77000","2.62494","272.08698"
"15.78000","2.62666","272.31403"
"15.79000","2.62836","272.53122"
"15.80000","2.63004","272.75418"
"15.81000","2.63172","272.97092"
"15.82000","2.63340","273.17264"
"15.83000","2.63504","273.35388"
"15.84000","2.63667","273.53143"
"15.85000","2.63830","273.70923"
"15.86000","2.63994","273.90268"
"15.87000","2.64157","274.11533"
"15.88000","2.64320","274.32712"
"15.89000","2.64485","274.54028"
"15.90000","2.64656","274.74524"
"15.91000","2.64828","274.96408"
"15.92000","2.64997","275.18179"
"15.93000","2.65160","275.38406"
"15.94000","2.65319","275.57379"
"15.95000","2.65481","275.76401"
"15.96000","2.65649","275.97382"
"15.97000","2.65820","276.18893"
"15.98000","2.65991","276.40674"
"15.99000","2.66160","276.61026"
"16.00000","2.66328","276.79684"
"16.01000","2.66496","276.98508"
"16.02000","2.66662","277.19360"
"16.03000","2.66828","277.39978"
"16.04000","2.66995","277.60782"
"16.05000","2.67163","277.82520"
"16.06000","2.67329","278.05139"
"16.07000","2.67494","278.24796"
"16.08000","2.67658","278.44092"
"16.09000","2.67825","278.65402"
"16.10000","2.67998","278.88211"
"16.11000","2.68172","279.11206"
"16.12000","2.68343","279.31714"
"16.13000","2.68509","279.49664"
"16.14000","2.68673","279.68439"
"16.15000","2.68838","279.89069"
"16.16000","2.69004","280.09860"
"16.17000","2.69168","280.29181"
"16.18000","2.69331","280.48068"
"16.19000","2.69495","280.68726"
"16.20000","2.69662","280.90466"
"16.21000","2.69830","281.12738"
"16.22000","2.70000","281.34500"
"16.23000","2.70170","281.56546"
"16.24000","2.70340","281.76901"
"16.25000","2.70509","281.95557"
"16.26000","2.70674","282.13239"
"16.27000","2.70834","282.33221"
"16.28000","2.70992","282.52310"
"16.29000","2.71153","282.71689"
"16.30000","2.71318","282.92542"
"16.31000","2.71483","283.12402"
"16.32000","2.71648","283.31689"
"16.33000","2.71815","283.53552"
"16.34000","2.71988","283.77213"
"16.35000","2.72167","284.00208"
"16.36000","2.72346","284.24286"
"16.37000","2.72518","284.47357"
"16.38000","2.72682","284.65637"
"16.39000","2.72839","284.81393"
"16.40000","2.72993","284.99222"
"16.41000","2.73146","285.15952"
"16.42000","2.73301","285.33389"
"16.43000","2.73462","285.53500"
"16.44000","2.73629","285.75464"
"16.45000","2.73800","285.98080"
"16.46000","2.73971","286.20798"
"16.47000","2.74140","286.43216"
"16.48000","2.74310","286.64664"
"16.49000","2.74480","286.85361"
"16.50000","2.74648","287.04764"
"16.51000","2.74809","287.22867"
"16.52000","2.74962","287.39841"
"16.53000","2.75115","287.56693"
"16.54000","2.75275","287.76355"
"16.55000","2.75444","287.97870"
"16.56000","2.75619","288.21667"
"16.57000","2.75796","288.44821"
"16.58000","2.75973","288.66867"
"16.59000","2.76148","288.89993"
"16.60000","2.76320","289.13721"
"16.61000","2.76488","289.34534"
"16.62000","2.76653","289.53656"
"16.63000","2.76817","289.72324"
"16.64000","2.76982","289.92117"
"16.65000","2.77145","290.13004"
"16.66000","2.77308","290.33856"
"16.67000","2.77472","290.53391"
"16.68000","2.77644","290.73248"
"16.69000","2.77824","290.96228"
"16.70000","2.78007","291.20416"
"16.71000","2.78189","291.44678"
"16.72000","2.78366","291.68243"
"16.73000","2.78536","291.89227"
"16.74000","2.78700","292.06601"
"16.75000","2.78858","292.23657"
"16.76000","2.79012","292.41083"
"16.77000","2.79165","292.57986"
"16.78000","2.79323","292.75394"
"16.79000","2.79487","292.94968"
"16.80000","2.79657","293.16418"
"16.81000","2.79829","293.39484"
"16.82000","2.80005","293.63712"
"16.83000","2.80182","293.86365"
"16.84000","2.80356","294.08353"
"16.85000","2.80522","294.28900"
"16.86000","2.80682","294.47144"
"16.87000","2.80840","294.65814"
"16.88000","2.81000","294.84143"
"16.89000","2.81161","295.03128"
"16.90000","2.81322","295.21530"
"16.91000","2.81484","295.40121"
"16.92000","2.81649","295.58810"
"16.93000","2.81821","295.81042"
"16.94000","2.81995","296.03873"
"16.95000","2.82165","296.25400"
"16.96000","2.82330","296.46384"
"16.97000","2.82492","296.65851"
"16.98000","2.82654","296.82800"
"16.99000","2.82818","297.00867"
"17.00000","2.82984","297.20392"
"17.01000","2.83152","297.40155"
"17.02000","2.83323","297.61389"
"17.03000","2.83495","297.82812"
"17.04000","2.83663","298.03854"
"17.05000","2.83826","298.23245"
"17.06000","2.83988","298.42023"
"17.07000","2.84153","298.62628"
"17.08000","2.84320","298.84097"
"17.09000","2.84486","299.04987"
"17.10000","2.84648","299.23907"
"17.11000","2.84809","299.41278"
"17.12000","2.84976","299.61884"
"17.13000","2.85150","299.83752"
"17.14000","2.85327","300.06387"
"17.15000","2.85502","300.30515"
"17.16000","2.85673","300.51743"
"17.17000","2.85840","300.71027"
"17.18000","2.86004","300.89981"
"17.19000","2.86167","301.08398"
"17.20000","2.86330","301.28421"
"17.21000","2.86497","301.48752"
"17.22000","2.86668","301.70468"
"17.23000","2.86841","301.90732"
"17.24000","2.87012","302.08151"
"17.25000","2.87178","302.26456"
"17.26000","2.87343","302.46356"
"17.27000","2.87507","302.66553"
"17.28000","2.87670","302.86658"
"17.29000","2.87829","303.05093"
"17.30000","2.87984","303.23117"
"17.31000","2.88139","303.40399"
"17.32000","2.88300","303.59888"
"17.33000","2.88468","303.79950"
"17.34000","2.88638","303.99747"
"17.35000","2.88810","304.21939"
"17.36000","2.88984","304.45514"
"17.37000","2.89160","304.69495"
"17.38000","2.89337","304.93851"
"17.39000","2.89512","305.14908"
"17.40000","2.89683","305.35010"
"17.41000","2.89851","305.55875"
"17.42000","2.90015","305.76041"
"17.43000","2.90174","305.92630"
"17.44000","2.90329","306.09402"
"17.45000","2.90484","306.26099"
"17.46000","2.90644","306.43484"
"17.47000","2.90809","306.62189"
"17.48000","2.90975","306.80554"
"17.49000","2.91138","306.98831"
"17.50000","2.91301","307.18079"
"17.51000","2.91467","307.37729"
"17.52000","2.91636","307.58997"
"17.53000","2.91806","307.80167"
"17.54000","2.91970","307.99240"
"17.55000","2.92129","308.16861"
"17.56000","2.92287","308.35806"
"17.57000","2.92449","308.56055"
"17.58000","2.92618","308.76477"
"17.59000","2.92793","308.97742"
"17.60000","2.92973","309.20447"
"17.61000","2.93155","309.45059"
"17.62000","2.93333","309.67499"
"17.63000","2.93502","309.87372"
"17.64000","2.93663","310.06152"
"17.65000","2.93821","310.24976"
"17.66000","2.93980","310.42749"
"17.67000","2.94141","310.59747"
"17.68000","2.94300","310.77017"
"17.69000","2.94458","310.93558"
"17.70000","2.94620","311.13324"
"17.71000","2.94792","311.35095"
"17.72000","2.94973","311.57584"
"17.73000","2.95159","311.82797"
"17.74000","2.95343","312.07669"
"17.75000","2.95522","312.31775"
"17.76000","2.95694","312.52518"
"17.77000","2.95859","312.71857"
"17.78000","2.96018","312.88962"
"17.79000","2.96177","313.07462"
"17.80000","2.96340","313.25827"
"17.81000","2.96507","313.45572"
"17.82000","2.96677","313.65921"
"17.83000","2.96846","313.85318"
"17.84000","2.97015","314.05292"
"17.85000","2.97186","314.25156"
"17.86000","2.97357","314.45551"
"17.87000","2.97522","314.65005"
"17.88000","2.97681","314.83218"
"17.89000","2.97837","314.99338"
"17.90000","2.97993","315.16165"
"17.91000","2.98153","315.34247"
"17.92000","2.98317","315.53207"
"17.93000","2.98482","315.73758"
"17.94000","2.98648","315.94623"
"17.95000","2.98816","316.15118"
"17.96000","2.98985","316.34000"
"17.97000","2.99153","316.53259"
"17.98000","2.99318","316.72845"
"17.99000","2.99484","316.93326"
"18.00000","2.99652","317.14133"
"18.01000","2.99821","317.35120"
"18.02000","2.99988","317.54541"
"18.03000","3.00154","317.73181"
"18.04000","3.00320","317.92432"
"18.05000","3.00490","318.12653"
"18.06000","3.00659","318.31342"
"18.07000","3.00824","318.50815"
"18.08000","3.00985","318.69614"
"18.09000","3.01145","318.88535"
"18.10000","3.01309","319.09644"
"18.11000","3.01478","319.32495"
"18.12000","3.01647","319.54388"
"18.13000","3.01815","319.74265"
"18.14000","3.01982","319.93219"
"18.15000","3.02150","320.13300"
"18.16000","3.02321","320.34372"
"18.17000","3.02493","320.55313"
"18.18000","3.02666","320.75421"
"18.19000","3.02841","320.96100"
"18.20000","3.03014","321.18610"
"18.21000","3.03184","321.41437"
"18.22000","3.03349","321.61743"
"18.23000","3.03512","321.79910"
"18.24000","3.03677","321.96732"
"18.25000","3.03845","322.15155"
"18.26000","3.04011","322.34515"
"18.27000","3.04172","322.53702"
"18.28000","3.04331","322.72696"
"18.29000","3.04492","322.91144"
"18.30000","3.04657","323.10251"
"18.31000","3.04823","323.29034"
"18.32000","3.04988","323.48889"
"18.33000","3.05150","323.66852"
"18.34000","3.05311","323.84360"
"18.35000","3.05474","324.03574"
"18.36000","3.05639","324.24628"
"18.37000","3.05806","324.45102"
"18.38000","3.05978","324.68066"
"18.39000","3.06156","324.90250"
"18.40000","3.06335","325.12451"
"18.41000","3.06512","325.34027"
"18.42000","3.06683","325.54428"
"18.43000","3.06849","325.74203"
"18.44000","3.07013","325.92725"
"18.45000","3.07173","326.09128"
"18.46000","3.07329","326.26514"
"18.47000","3.07481","326.43460"
"18.48000","3.07634","326.59610"
"18.49000","3.07795","326.77661"
"18.50000","3.07964","326.99271"
"18.51000","3.08135","327.21716"
"18.52000","3.08306","327.44363"
"18.53000","3.08475","327.65146"
"18.54000","3.08643","327.84604"
"18.55000","3.08809","328.03391"
"18.56000","3.08973","328.22916"
"18.57000","3.09137","328.42123"
"18.58000","3.09303","328.60190"
"18.59000","3.09472","328.81531"
"18.60000","3.09643","329.03290"
"18.61000","3.09812","329.25430"
"18.62000","3.09980","329.46036"
"18.63000","3.10150","329.65793"
"18.64000","3.10322","329.86069"
"18.65000","3.10491","330.06366"
"18.66000","3.10655","330.26709"
"18.67000","3.10814","330.45749"
"18.68000","3.10975","330.63885"
"18.69000","3.11139","330.81390"
"18.70000","3.11306","330.99826"
"18.71000","3.11474","331.19870"
"18.72000","3.11641","331.40741"
"18.73000","3.11810","331.61523"
"18.74000","3.11982","331.82901"
"18.75000","3.12159","332.05853"
"18.76000","3.12337","332.29797"
"18.77000","3.12517","332.54089"
"18.78000","3.12695","332.75897"
"18.79000","3.12865","332.97836"
"18.80000","3.13026","333.16171"
"18.81000","3.13181","333.32120"
"18.82000","3.13336","333.49243"
"18.83000","3.13498","333.68900"
"18.84000","3.13665","333.89398"
"18.85000","3.13834","334.09537"
"18.86000","3.14001","334.28494"
"18.87000","3.14168","334.47720"
"18.88000","3.14338","334.68939"
"18.89000","3.14510","334.90530"
"18.90000","3.14678","335.10864"
"18.91000","3.14841","335.28696"
"18.92000","3.15000","335.47141"
"18.93000","3.15158","335.67368"
"18.94000","3.15319","335.86987"
"18.95000","3.15482","336.04922"
"18.96000","3.15650","336.23514"
"18.97000","3.15823","336.44553"
"18.98000","3.16000","336.66776"
"18.99000","3.16174","336.90231"
"19.00000","3.16343","337.11951"
"19.01000","3.16508","337.32376"
"19.02000","3.16672","337.52689"
"19.03000","3.16836","337.73087"
"19.04000","3.16999","337.92346"
"19.05000","3.17159","338.10492"
"19.06000","3.17318","338.28009"
"19.07000","3.17480","338.45773"
"19.08000","3.17647","338.64294"
"19.09000","3.17816","338.84708"
"19.10000","3.17982","339.03308"
"19.11000","3.18144","339.22043"
"19.12000","3.18307","339.42688"
"19.13000","3.18471","339.62662"
"19.14000","3.18637","339.83472"
"19.15000","3.18806","340.03314"
"19.16000","3.18979","340.23267"
"19.17000","3.19157","340.44592"
"19.18000","3.19336","340.66211"
"19.19000","3.19512","340.89075"
"19.20000","3.19683","341.10736"
"19.21000","3.19851","341.32809"
"19.22000","3.20017","341.52835"
"19.23000","3.20181","341.72528"
"19.24000","3.20342","341.91263"
"19.25000","3.20500","342.09805"
"19.26000","3.20661","342.28247"
"19.27000","3.20827","342.47473"
"19.28000","3.20999","342.69669"
"19.29000","3.21171","342.91177"
"19.30000","3.21338","343.11038"
"19.31000","3.21502","343.28802"
"19.32000","3.21663","343.47055"
"19.33000","3.21825","343.65759"
"19.34000","3.21985","343.83392"
"19.35000","3.22147","344.01904"
"19.36000","3.22311","344.20953"
"19.37000","3.22479","344.42410"
"19.38000","3.22648","344.65677"
"19.39000","3.22817","344.87396"
"19.40000","3.22986","345.08035"
"19.41000","3.23159","345.28381"
"19.42000","3.23336","345.48242"
"19.43000","3.23511","345.70447"
"19.44000","3.23681","345.90808"
"19.45000","3.23845","346.09299"
"19.46000","3.24007","346.26468"
"19.47000","3.24169","346.44586"
"19.48000","3.24329","346.62567"
"19.49000","3.24487","346.79453"
"19.50000","3.24643","346.95526"
"19.51000","3.24800","347.12949"
"19.52000","3.24960","347.31329"
"19.53000","3.25123","347.50897"
"19.54000","3.25289","347.70877"
"19.55000","3.25459","347.90619"
"19.56000","3.25633","348.12314"
"19.57000","3.25806","348.36292"
"19.58000","3.25976","348.58771"
"19.59000","3.26141","348.80032"
"19.60000","3.26303","348.99619"
"19.61000","3.26468","349.17764"
"19.62000","3.26637","349.37180"
"19.63000","3.26808","349.57898"
"19.64000","3.26978","349.78717"
"19.65000","3.27148","349.98621"
"19.66000","3.27320","350.19193"
"19.67000","3.27494","350.40869"
"19.68000","3.27663","350.61996"
"19.69000","3.27826","350.80215"
"19.70000","3.27985","350.97498"
"19.71000","3.28143","351.13937"
"19.72000","3.28303","351.30347"
"19.73000","3.28466","351.48294"
"19.74000","3.28633","351.69720"
"19.75000","3.28808","351.93152"
"19.76000","3.28989","352.17657"
"19.77000","3.29174","352.40961"
"19.78000","3.29356","352.64496"
"19.79000","3.29534","352.86392"
"19.80000","3.29707","353.08063"
"19.81000","3.29875","353.28253"
"19.82000","3.30035","353.45132"
"19.83000","3.30188","353.60559"
"19.84000","3.30339","353.76233"
"19.85000","3.30496","353.94464"
"19.86000","3.30660","354.15073"
"19.87000","3.30831","354.36615"
"19.88000","3.31002","354.58029"
"19.89000","3.31172","354.78134"
"19.90000","3.31340","354.98718"
"19.91000","3.31508","355.16971"
"19.92000","3.31675","355.34433"
"19.93000","3.31839","355.54080"
"19.94000","3.32002","355.73938"
"19.95000","3.32165","355.93539"
"19.96000","3.32328","356.13000"
"19.97000","3.32490","356.31757"
"19.98000","3.32653","356.48694"
"19.99000","3.32819","356.67078"
"20.00000","3.32990","356.86365"
"20.01000","3.33164","357.07294"
"20.02000","3.33332","357.28351"
"20.03000","3.33494","357.48679"
"20.04000","3.33654","357.67661"
"20.05000","3.33817","357.87677"
"20.06000","3.33986","358.09790"
"20.07000","3.34157","358.30112"
"20.08000","3.34327","358.49814"
"20.09000","3.34495","358.68582"
"20.10000","3.34663","358.86801"
"20.11000","3.34830","359.06583"
"20.12000","3.34995","359.27795"
"20.13000","3.35161","359.49313"
"20.14000","3.35327","359.70148"
"20.15000","3.35494","359.87650"
"20.16000","3.35659","360.06381"
"20.17000","3.35822","360.24146"
"20.18000","3.35985","360.41632"
"20.19000","3.36153","360.58865"
"20.20000","3.36326","360.78464"
"20.21000","3.36501","360.99496"
"20.22000","3.36671","361.19751"
"20.23000","3.36837","361.40109"
"20.24000","3.37002","361.59741"
"20.25000","3.37167","361.78189"
"20.26000","3.37333","361.96713"
"20.27000","3.37497","362.16202"
"20.28000","3.37660","362.35046"
"20.29000","3.37825","362.54086"
"20.30000","3.37994","362.74442"
"20.31000","3.38164","362.95074"
"20.32000","3.38334","363.15170"
"20.33000","3.38504","363.34644"
"20.34000","3.38674","363.54831"
"20.35000","3.38842","363.74249"
"20.36000","3.39006","363.91769"
"20.37000","3.39165","364.08890"
"20.38000","3.39322","364.26480"
"20.39000","3.39484","364.45065"
"20.40000","3.39649","364.64926"
"20.41000","3.39815","364.83560"
"20.42000","3.39980","365.02411"
"20.43000","3.40149","365.22757"
"20.44000","3.40324","365.44312"
"20.45000","3.40503","365.68188"
"20.46000","3.40682","365.90201"
"20.47000","3.40853","366.10715"
"20.48000","3.41016","366.27203"
"20.49000","3.41172","366.44086"
"20.50000","3.41325","366.60696"
"20.51000","3.41478","366.77588"
"20.52000","3.41634","366.94943"
"20.53000","3.41795","367.11823"
"20.54000","3.41963","367.30167"
"20.55000","3.42134","367.50858"
"20.56000","3.42305","367.70074"
"20.57000","3.42475","367.89188"
"20.58000","3.42645","368.08185"
"20.59000","3.42816","368.27478"
"20.60000","3.42984","368.47095"
"20.61000","3.43144","368.64374"
"20.62000","3.43297","368.81302"
"20.63000","3.43451","368.99713"
"20.64000","3.43611","369.20120"
"20.65000","3.43781","369.41312"
"20.66000","3.43956","369.63806"
"20.67000","3.44132","369.86258"
"20.68000","3.44308","370.07880"
"20.69000","3.44481","370.28714"
"20.70000","3.44652","370.48047"
"20.71000","3.44818","370.65369"
"20.72000","3.44981","370.82349"
"20.73000","3.45145","371.01193"
"20.74000","3.45308","371.21185"
"20.75000","3.45471","371.41238"
"20.76000","3.45633","371.60318"
"20.77000","3.45799","371.79712"
"20.78000","3.45973","372.02060"
"20.79000","3.46156","372.25928"
"20.80000","3.46341","372.48764"
"20.81000","3.46524","372.70456"
"20.82000","3.46701","372.90729"
"20.83000","3.46872","373.11087"
"20.84000","3.47036","373.30035"
"20.85000","3.47194","373.47849"
"20.86000","3.47347","373.64603"
"20.87000","3.47501","373.80524"
"20.88000","3.47659","373.97043"
"20.89000","3.47823","374.16232"
"20.90000","3.47992","374.36859"
"20.91000","3.48163","374.58365"
"20.92000","3.48337","374.79852"
"20.93000","3.48512","375.01163"
"20.94000","3.48684","375.21490"
"20.95000","3.48849","375.38666"
"20.96000","3.49007","375.54367"
"20.97000","3.49165","375.70599"
"20.98000","3.49325","375.88409"
"20.99000","3.49487","376.06970"
"21.00000","3.49648","376.25952"
"21.01000","3.49811","376.44608"
"21.02000","3.49978","376.64340"
"21.03000","3.50152","376.86731"
"21.04000","3.50327","377.09576"
"21.05000","3.50499","377.30930"
"21.06000","3.50664","377.50684"
"21.07000","3.50826","377.68842"
"21.08000","3.50989","377.86804"
"21.09000","3.51152","378.05145"
"21.10000","3.51317","378.23071"
"21.11000","3.51485","378.41647"
"21.12000","3.51656","378.62204"
"21.13000","3.51827","378.84567"
"21.14000","3.51995","379.05106"
"21.15000","3.52158","379.22958"
"21.16000","3.52321","379.40710"
"21.17000","3.52486","379.60446"
"21.18000","3.52654","379.78641"
"21.19000","3.52820","379.96466"
"21.20000","3.52983","380.15143"
"21.21000","3.53147","380.33664"
"21.22000","3.53317","380.53662"
"21.23000","3.53492","380.76627"
"21.24000","3.53668","381.00262"
"21.25000","3.53842","381.20862"
"21.26000","3.54011","381.40411"
"21.27000","3.54176","381.59705"
"21.28000","3.54339","381.79044"
"21.29000","3.54500","381.96524"
"21.30000","3.54663","382.13388"
"21.31000","3.54830","382.33075"
"21.32000","3.55001","382.53494"
"21.33000","3.55174","382.74643"
"21.34000","3.55343","382.93753"
"21.35000","3.55508","383.12189"
"21.36000","3.55673","383.31506"
"21.37000","3.55839","383.49377"
"21.38000","3.56002","383.66959"
"21.39000","3.56160","383.83371"
"21.40000","3.56314","383.99750"
"21.41000","3.56470","384.16431"
"21.42000","3.56632","384.36554"
"21.43000","3.56800","384.57510"
"21.44000","3.56971","384.77652"
"21.45000","3.57143","384.97034"
"21.46000","3.57316","385.17407"
"21.47000","3.57492","385.39941"
"21.48000","3.57668","385.63608"
"21.49000","3.57843","385.85278"
"21.50000","3.58013","386.07236"
"21.51000","3.58181","386.27469"
"21.52000","3.58344","386.45117"
"21.53000","3.58502","386.60556"
"21.54000","3.58657","386.75558"
"21.55000","3.58814","386.91632"
"21.56000","3.58976","387.08005"
"21.57000","3.59142","387.26318"
"21.58000","3.59308","387.46570"
"21.59000","3.59472","387.66183"
"21.60000","3.59636","387.86310"
"21.61000","3.59803","388.08081"
"21.62000","3.59974","388.30164"
"21.63000","3.60143","388.49167"
"21.64000","3.60306","388.65097"
"21.65000","3.60464","388.82288"
"21.66000","3.60622","388.99292"
"21.67000","3.60784","389.16754"
"21.68000","3.60953","389.37473"
"21.69000","3.61127","389.59247"
"21.70000","3.61307","389.80417"
"21.71000","3.61488","390.02682"
"21.72000","3.61664","390.24796"
"21.73000","3.61831","390.44461"
"21.74000","3.61991","390.61707"
"21.75000","3.62149","390.79272"
"21.76000","3.62309","390.98282"
"21.77000","3.62470","391.16296"
"21.78000","3.62629","391.33817"
"21.79000","3.62789","391.51126"
"21.80000","3.62954","391.69812"
"21.81000","3.63128","391.90674"
"21.82000","3.63310","392.13974"
"21.83000","3.63496","392.37708"
"21.84000","3.63678","392.61407"
"21.85000","3.63855","392.82745"
"21.86000","3.64025","393.03033"
"21.87000","3.64188","393.21692"
"21.88000","3.64347","393.40082"
"21.89000","3.64506","393.58896"
"21.90000","3.64671","393.76459"
"21.91000","3.64840","393.95959"
"21.92000","3.65011","394.15591"
"21.93000","3.65182","394.33221"
"21.94000","3.65352","394.51602"
"21.95000","3.65523","394.71707"
"21.96000","3.65693","394.90604"
"21.97000","3.65858","395.10623"
"21.98000","3.66016","395.29660"
"21.99000","3.66171","395.46988"
"22.00000","3.66327","395.63477"
"22.01000","3.66488","395.80319"
"22.02000","3.66651","395.98813"
"22.03000","3.66815","396.16037"
"22.04000","3.66981","396.34708"
"22.05000","3.67149","396.53864"
"22.06000","3.67317","396.72333"
"22.07000","3.67483","396.91013"
"22.08000","3.67647","397.09390"
"22.09000","3.67812","397.28854"
"22.10000","3.67979","397.48114"
"22.11000","3.68148","397.67810"
"22.12000","3.68314","397.85669"
"22.13000","3.68481","398.03210"
"22.14000","3.68649","398.22446"
"22.15000","3.68822","398.43567"
"22.16000","3.68993","398.62994"
"22.17000","3.69160","398.82642"
"22.18000","3.69322","399.01553"
"22.19000","3.69484","399.19733"
"22.20000","3.69649","399.39252"
"22.21000","3.69816","399.60257"
"22.22000","3.69984","399.79544"
"22.23000","3.70150","399.97867"
"22.24000","3.70316","400.15631"
"22.25000","3.70483","400.34808"
"22.26000","3.70652","400.56201"
"22.27000","3.70823","400.79150"
"22.28000","3.70995","401.00278"
"22.29000","3.71169","401.21234"
"22.30000","3.71342","401.41647"
"22.31000","3.71512","401.60156"
"22.32000","3.71678","401.80225"
"22.33000","3.71843","402.00339"
"22.34000","3.72011","402.19855"
"22.35000","3.72180","402.37845"
"22.36000","3.72345","402.55292"
"22.37000","3.72506","402.72394"
"22.38000","3.72666","402.90451"
"22.39000","3.72828","403.08545"
"22.40000","3.72994","403.27017"
"22.41000","3.73160","403.46432"
"22.42000","3.73324","403.63907"
"22.43000","3.73486","403.79282"
"22.44000","3.73647","403.96545"
"22.45000","3.73811","404.14923"
"22.46000","3.73975","404.35306"
"22.47000","3.74143","404.56247"
"22.48000","3.74315","404.77493"
"22.49000","3.74491","404.99698"
"22.50000","3.74668","405.21622"
"22.51000","3.74842","405.41403"
"22.52000","3.75012","405.60956"
"22.53000","3.75179","405.79547"
"22.54000","3.75344","405.98694"
"22.55000","3.75505","406.19577"
"22.56000","3.75660","406.38019"
"22.57000","3.75812","406.53082"
"22.58000","3.75966","406.67233"
"22.59000","3.76127","406.84048"
"22.60000","3.76295","407.03778"
"22.61000","3.76466","407.24979"
"22.62000","3.76636","407.47888"
"22.63000","3.76805","407.69608"
"22.64000","3.76973","407.90665"
"22.65000","3.77139","408.08548"
"22.66000","3.77303","408.26041"
"22.67000","3.77466","408.44583"
"22.68000","3.77633","408.63644"
"22.69000","3.77804","408.83389"
"22.70000","3.77975","409.03238"
"22.71000","3.78145","409.23209"
"22.72000","3.78315","409.45053"
"22.73000","3.78487","409.67996"
"22.74000","3.78659","409.88882"
"22.75000","3.78828","410.07440"
"22.76000","3.78990","410.24194"
"22.77000","3.79149","410.42120"
"22.78000","3.79309","410.60001"
"22.79000","3.79474","410.79315"
"22.80000","3.79640","410.99039"
"22.81000","3.79807","411.18793"
"22.82000","3.79973","411.37415"
"22.83000","3.80142","411.58029"
"22.84000","3.80314","411.79944"
"22.85000","3.80489","412.02625"
"22.86000","3.80666","412.25928"
"22.87000","3.80845","412.48218"
"22.88000","3.81022","412.69958"
"22.89000","3.81192","412.89526"
"22.90000","3.81353","413.06241"
"22.91000","3.81509","413.20462"
"22.92000","3.81666","413.36496"
"22.93000","3.81829","413.53671"
"22.94000","3.81996","413.72540"
"22.95000","3.82163","413.92581"
"22.96000","3.82329","414.13794"
"22.97000","3.82496","414.34772"
"22.98000","3.82666","414.55634"
"22.99000","3.82838","414.76389"
"23.00000","3.83006","414.96378"
"23.01000","3.83170","415.14243"
"23.02000","3.83330","415.30991"
"23.03000","3.83489","415.48849"
"23.04000","3.83650","415.65564"
"23.05000","3.83814","415.83316"
"23.06000","3.83983","416.04831"
"23.07000","3.84158","416.28339"
"23.08000","3.84337","416.52985"
"23.09000","3.84513","416.74881"
"23.10000","3.84682","416.93445"
"23.11000","3.84847","417.11285"
"23.12000","3.85011","417.28336"
"23.13000","3.85174","417.46033"
"23.14000","3.85335","417.63657"
"23.15000","3.85493","417.78537"
"23.16000","3.85651","417.94446"
"23.17000","3.85813","418.11670"
"23.18000","3.85980","418.29172"
"23.19000","3.86148","418.47446"
"23.20000","3.86313","418.66022"
"23.21000","3.86475","418.86371"
"23.22000","3.86636","419.07263"
"23.23000","3.86800","419.27298"
"23.24000","3.86965","419.45807"
"23.25000","3.87133","419.64697"
"23.26000","3.87307","419.86563"
"23.27000","3.87485","420.09866"
"23.28000","3.87666","420.33282"
"23.29000","3.87843","420.54663"
"23.30000","3.88015","420.74438"
"23.31000","3.88184","420.93292"
"23.32000","3.88351","421.11932"
"23.33000","3.88515","421.29684"
"23.34000","3.88674","421.46368"
"23.35000","3.88831","421.62399"
"23.36000","3.88991","421.80862"
"23.37000","3.89159","422.01074"
"23.38000","3.89331","422.22369"
"23.39000","3.89504","422.44244"
"23.40000","3.89672","422.64600"
"23.41000","3.89836","422.82758"
"23.42000","3.89999","422.99054"
"23.43000","3.90160","423.16177"
"23.44000","3.90321","423.33182"
"23.45000","3.90483","423.51431"
"23.46000","3.90648","423.71899"
"23.47000","3.90816","423.92276"
"23.48000","3.90985","424.10605"
"23.49000","3.91154","424.30676"
"23.50000","3.91324","424.52313"
"23.51000","3.91498","424.72220"
"23.52000","3.91675","424.93314"
"23.53000","3.91849","425.15393"
"23.54000","3.92017","425.35168"
"23.55000","3.92180","425.52759"
"23.56000","3.92342","425.69681"
"23.57000","3.92503","425.86871"
"23.58000","3.92663","426.03638"
"23.59000","3.92820","426.20343"
"23.60000","3.92975","426.35391"
"23.61000","3.93132","426.50037"
"23.62000","3.93292","426.67102"
"23.63000","3.93456","426.85953"
"23.64000","3.93623","427.06308"
"23.65000","3.93795","427.27933"
"23.66000","3.93969","427.49561"
"23.67000","3.94143","427.71555"
"23.68000","3.94312","427.91061"
"23.69000","3.94475","428.09055"
"23.70000","3.94637","428.26477"
"23.71000","3.94802","428.46927"
"23.72000","3.94971","428.67624"
"23.73000","3.95140","428.86163"
"23.74000","3.95308","429.03711"
"23.75000","3.95477","429.24100"
"23.76000","3.95649","429.42819"
"23.77000","3.95821","429.61606"
"23.78000","3.95990","429.80783"
"23.79000","3.96153","429.98795"
"23.80000","3.96314","430.17654"
"23.81000","3.96475","430.35815"
"23.82000","3.96638","430.55371"
"23.83000","3.96803","430.76395"
"23.84000","3.96972","430.96436"
"23.85000","3.97148","431.18451"
"23.86000","3.97330","431.41257"
"23.87000","3.97514","431.63278"
"23.88000","3.97695","431.86591"
"23.89000","3.97872","432.11282"
"23.90000","3.98044","432.31726"
"23.91000","3.98210","432.48438"
"23.92000","3.98369","432.64578"
"23.93000","3.98521","432.79938"
"23.94000","3.98673","432.95508"
"23.95000","3.98831","433.13370"
"23.96000","3.98997","433.32635"
"23.97000","3.99168","433.51154"
"23.98000","3.99338","433.70422"
"23.99000","3.99507","433.88858"
"24.00000","3.99674","434.08536"
"24.01000","3.99842","434.29251"
"24.02000","4.00007","434.47589"
"24.03000","4.00171","434.67194"
"24.04000","4.00334","434.86734"
"24.05000","4.00498","435.04562"
"24.06000","4.00661","435.22238"
"24.07000","4.00824","435.40488"
"24.08000","4.00987","435.60294"
"24.09000","4.01154","435.80096"
"24.10000","4.01325","435.99994"
"24.11000","4.01498","436.19122"
"24.12000","4.01665","436.38077"
"24.13000","4.01825","436.55499"
"24.14000","4.01985","436.72495"
"24.15000","4.02149","436.90942"
"24.16000","4.02319","437.09784"
"24.17000","4.02491","437.30875"
"24.18000","4.02661","437.51660"
"24.19000","4.02831","437.72028"
"24.20000","4.02999","437.93030"
"24.21000","4.03167","438.13907"
"24.22000","4.03334","438.34381"
"24.23000","4.03500","438.53546"
"24.24000","4.03668","438.70627"
"24.25000","4.03836","438.88272"
"24.26000","4.04001","439.08112"
"24.27000","4.04165","439.27838"
"24.28000","4.04328","439.46390"
"24.29000","4.04496","439.64886"
"24.30000","4.04669","439.85669"
"24.31000","4.04842","440.07663"
"24.32000","4.05011","440.27634"
"24.33000","4.05175","440.45639"
"24.34000","4.05338","440.65067"
"24.35000","4.05503","440.83246"
"24.36000","4.05667","441.00571"
"24.37000","4.05831","441.17896"
"24.38000","4.05994","441.36487"
"24.39000","4.06160","441.56305"
"24.40000","4.06328","441.75510"
"24.41000","4.06497","441.95361"
"24.42000","4.06667","442.15161"
"24.43000","4.06837","442.33908"
"24.44000","4.07006","442.52469"
"24.45000","4.07173","442.70062"
"24.46000","4.07335","442.86258"
"24.47000","4.07493","443.04031"
"24.48000","4.07651","443.21765"
"24.49000","4.07813","443.39056"
"24.50000","4.07979","443.58701"
"24.51000","4.08145","443.78381"
"24.52000","4.08312","443.97040"
"24.53000","4.08482","444.17505"
"24.54000","4.08659","444.40701"
"24.55000","4.08840","444.63651"
"24.56000","4.09018","444.85727"
"24.57000","4.09188","445.04248"
"24.58000","4.09349","445.20554"
"24.59000","4.09504","445.36230"
"24.60000","4.09657","445.51456"
"24.61000","4.09810","445.66278"
"24.62000","4.09967","445.81732"
"24.63000","4.10129","445.99890"
"24.64000","4.10298","446.19516"
"24.65000","4.10469","446.41327"
"24.66000","4.10640","446.62689"
"24.67000","4.10809","446.83731"
"24.68000","4.10979","447.03018"
"24.69000","4.11150","447.21301"
"24.70000","4.11316","447.40091"
"24.71000","4.11475","447.56757"
"24.72000","4.11627","447.71332"
"24.73000","4.11782","447.86905"
"24.74000","4.11944","448.04376"
"24.75000","4.12115","448.24121"
"24.76000","4.12290","448.44946"
"24.77000","4.12466","448.66272"
"24.78000","4.12641","448.88672"
"24.79000","4.12815","449.11459"
"24.80000","4.12984","449.31720"
"24.81000","4.13150","449.50641"
"24.82000","4.13314","449.70255"
"24.83000","4.13478","449.89145"
"24.84000","4.13642","450.06848"
"24.85000","4.13805","450.24741"
"24.86000","4.13967","450.42398"
"24.87000","4.14134","450.60190"
"24.88000","4.14308","450.79611"
"24.89000","4.14490","451.01611"
"24.90000","4.14674","451.26196"
"24.91000","4.14855","451.49594"
"24.92000","4.15031","451.69995"
"24.93000","4.15202","451.88785"
"24.94000","4.15366","452.05820"
"24.95000","4.15523","452.21112"
"24.96000","4.15678","452.35901"
"24.97000","4.15833","452.51761"
"24.98000","4.15993","452.70804"
"24.99000","4.16159","452.90579"
"25.00000","4.16329","453.10370"
"25.01000","4.16502","453.30847"
"25.02000","4.16676","453.52393"
"25.03000","4.16851","453.73376"
"25.04000","4.17022","453.91095"
"25.05000","4.17185","454.08838"
"25.06000","4.17343","454.24771"
"25.07000","4.17502","454.41318"
"25.08000","4.17662","454.59235"
"25.09000","4.17824","454.73920"
"25.10000","4.17984","454.89520"
"25.11000","4.18146","455.07596"
"25.12000","4.18314","455.26907"
"25.13000","4.18488","455.47177"
"25.14000","4.18662","455.68024"
"25.15000","4.18833","455.89636"
"25.16000","4.18998","456.10406"
"25.17000","4.19161","456.28601"
"25.18000","4.19324","456.46146"
"25.19000","4.19487","456.64865"
"25.20000","4.19652","456.83673"
"25.21000","4.19819","457.02182"
"25.22000","4.19989","457.20770"
"25.23000","4.20158","457.39948"
"25.24000","4.20324","457.58344"
"25.25000","4.20486","457.76331"
"25.26000","4.20648","457.94247"
"25.27000","4.20814","458.11963"
"25.28000","4.20983","458.32062"
"25.29000","4.21149","458.50894"
"25.30000","4.21313","458.70294"
"25.31000","4.21479","458.89810"
"25.32000","4.21650","459.09442"
"25.33000","4.21826","459.28568"
"25.34000","4.22004","459.48853"
"25.35000","4.22178","459.69327"
"25.36000","4.22347","459.87982"
"25.37000","4.22512","460.06805"
"25.38000","4.22675","460.23999"
"25.39000","4.22836","460.41504"
"25.40000","4.22998","460.58694"
"25.41000","4.23166","460.77289"
"25.42000","4.23337","460.97659"
"25.43000","4.23508","461.19232"
"25.44000","4.23677","461.37820"
"25.45000","4.23842","461.55527"
"25.46000","4.24007","461.71304"
"25.47000","4.24172","461.89133"
"25.48000","4.24334","462.06967"
"25.49000","4.24490","462.23541"
"25.50000","4.24644","462.39359"
"25.51000","4.24801","462.56580"
"25.52000","4.24965","462.74258"
"25.53000","4.25135","462.92975"
"25.54000","4.25307","463.12164"
"25.55000","4.25481","463.33411"
"25.56000","4.25657","463.54681"
"25.57000","4.25833","463.78363"
"25.58000","4.26008","464.00272"
"25.59000","4.26180","464.19571"
"25.60000","4.26347","464.37085"
"25.61000","4.26512","464.54636"
"25.62000","4.26672","464.72729"
"25.63000","4.26828","464.88730"
"25.64000","4.26983","465.03088"
"25.65000","4.27139","465.18848"
"25.66000","4.27302","465.36417"
"25.67000","4.27469","465.56012"
"25.68000","4.27636","465.74591"
"25.69000","4.27802","465.92679"
"25.70000","4.27968","466.13947"
"25.71000","4.28138","466.36621"
"25.72000","4.28310","466.57700"
"25.73000","4.28479","466.78296"
"25.74000","4.28642","466.94788"
"25.75000","4.28799","467.09540"
"25.76000","4.28957","467.23953"
"25.77000","4.29120","467.40543"
"25.78000","4.29289","467.60242"
"25.79000","4.29464","467.81573"
"25.80000","4.29644","468.05286"
"25.81000","4.29825","468.28256"
"25.82000","4.30000","468.48056"
"25.83000","4.30166","468.66690"
"25.84000","4.30326","468.84659"
"25.85000","4.30485","469.01697"
"25.86000","4.30645","469.17953"
"25.87000","4.30806","469.35156"
"25.88000","4.30965","469.53003"
"25.89000","4.31126","469.70807"
"25.90000","4.31292","469.88766"
"25.91000","4.31467","470.08795"
"25.92000","4.31650","470.31000"
"25.93000","4.31834","470.53647"
"25.94000","4.32014","470.74121"
"25.95000","4.32189","470.93616"
"25.96000","4.32356","471.11646"
"25.97000","4.32518","471.29034"
"25.98000","4.32675","471.46249"
"25.99000","4.32835","471.63049"
"26.00000","4.33000","471.81448"
"26.01000","4.33170","472.00565"
"26.02000","4.33341","472.21213"
"26.03000","4.33510","472.40787"
"26.04000","4.33680","472.60049"
"26.05000","4.33852","472.78885"
"26.06000","4.34023","472.98410"
"26.07000","4.34188","473.17114"
"26.08000","4.34347","473.32919"
"26.09000","4.34504","473.49594"
"26.10000","4.34662","473.65677"
"26.11000","4.34824","473.83112"
"26.12000","4.34988","474.01178"
"26.13000","4.35152","474.19174"
"26.14000","4.35318","474.36340"
"26.15000","4.35485","474.54230"
"26.16000","4.35653","474.72733"
"26.17000","4.35818","474.91898"
"26.18000","4.35983","475.11514"
"26.19000","4.36148","475.31497"
"26.20000","4.36316","475.51657"
"26.21000","4.36485","475.70694"
"26.22000","4.36651","475.87820"
"26.23000","4.36816","476.05673"
"26.24000","4.36984","476.23508"
"26.25000","4.37155","476.41217"
"26.26000","4.37325","476.59061"
"26.27000","4.37491","476.77515"
"26.28000","4.37654","476.95630"
"26.29000","4.37817","477.14105"
"26.30000","4.37984","477.33835"
"26.31000","4.38153","477.54251"
"26.32000","4.38320","477.73779"
"26.33000","4.38485","477.91711"
"26.34000","4.38649","478.09351"
"26.35000","4.38816","478.26578"
"26.36000","4.38984","478.43524"
"26.37000","4.39153","478.62079"
"26.38000","4.39325","478.83414"
"26.39000","4.39500","479.03970"
"26.40000","4.39673","479.23416"
"26.41000","4.39842","479.42447"
"26.42000","4.40008","479.60590"
"26.43000","4.40175","479.77969"
"26.44000","4.40344","479.97318"
"26.45000","4.40513","480.16669"
"26.46000","4.40679","480.35681"
"26.47000","4.40841","480.52710"
"26.48000","4.41000","480.69385"
"26.49000","4.41162","480.87296"
"26.50000","4.41327","481.04315"
"26.51000","4.41492","481.19229"
"26.52000","4.41654","481.35458"
"26.53000","4.41814","481.53238"
"26.54000","4.41975","481.70883"
"26.55000","4.42137","481.89651"
"26.56000","4.42303","482.07126"
"26.57000","4.42472","482.25455"
"26.58000","4.42647","482.47363"
"26.59000","4.42826","482.69232"
"26.60000","4.43005","482.89725"
"26.61000","4.43180","483.09592"
"26.62000","4.43350","483.28015"
"26.63000","4.43516","483.46060"
"26.64000","4.43679","483.63116"
"26.65000","4.43838","483.79358"
"26.66000","4.43991","483.93329"
"26.67000","4.44142","484.05927"
"26.68000","4.44296","484.21014"
"26.69000","4.44459","484.38434"
"26.70000","4.44629","484.58743"
"26.71000","4.44801","484.77225"
"26.72000","4.44971","484.97968"
"26.73000","4.45139","485.18933"
"26.74000","4.45306","485.38138"
"26.75000","4.45471","485.55676"
"26.76000","4.45633","485.71759"
"26.77000","4.45797","485.88730"
"26.78000","4.45964","486.06000"
"26.79000","4.46135","486.25137"
"26.80000","4.46307","486.45105"
"26.81000","4.46477","486.65094"
"26.82000","4.46648","486.86493"
"26.83000","4.46821","487.06760"
"26.84000","4.46994","487.27353"
"26.85000","4.47162","487.45929"
"26.86000","4.47324","487.63644"
"26.87000","4.47484","487.80286"
"26.88000","4.47646","487.96960"
"26.89000","4.47811","488.12839"
"26.90000","4.47978","488.30301"
"26.91000","4.48144","488.47153"
"26.92000","4.48311","488.65811"
"26.93000","4.48480","488.85645"
"26.94000","4.48653","489.06479"
"26.95000","4.48828","489.26434"
"26.96000","4.49005","489.45560"
"26.97000","4.49183","489.66360"
"26.98000","4.49358","489.86584"
"26.99000","4.49526","490.03876"
"27.00000","4.49685","490.20239"
"27.01000","4.49841","490.36380"
"27.02000","4.49999","490.53326"
"27.03000","4.50163","490.70966"
"27.04000","4.50331","490.88684"
"27.05000","4.50499","491.09351"
"27.06000","4.50666","491.30453"
"27.07000","4.50834","491.51752"
"27.08000","4.51005","491.72122"
"27.09000","4.51176","491.89935"
"27.10000","4.51342","492.05826"
"27.11000","4.51503","492.18552"
"27.12000","4.51660","492.32825"
"27.13000","4.51817","492.48370"
"27.14000","4.51977","492.67337"
"27.15000","4.52142","492.86545"
"27.16000","4.52312","493.05783"
"27.17000","4.52488","493.26111"
"27.18000","4.52668","493.46643"
"27.19000","4.52845","493.67953"
"27.20000","4.53014","493.87671"
"27.21000","4.53180","494.06952"
"27.22000","4.53343","494.24353"
"27.23000","4.53507","494.41196"
"27.24000","4.53667","494.57031"
"27.25000","4.53824","494.73044"
"27.26000","4.53982","494.89252"
"27.27000","4.54145","495.06793"
"27.28000","4.54312","495.24680"
"27.29000","4.54480","495.41299"
"27.30000","4.54644","495.58160"
"27.31000","4.54807","495.76755"
"27.32000","4.54970","495.95499"
"27.33000","4.55134","496.13660"
"27.34000","4.55302","496.31354"
"27.35000","4.55472","496.50558"
"27.36000","4.55647","496.69366"
"27.37000","4.55826","496.88950"
"27.38000","4.56006","497.10822"
"27.39000","4.56181","497.32651"
"27.40000","4.56351","497.52594"
"27.41000","4.56519","497.72897"
"27.42000","4.56685","497.90933"
"27.43000","4.56848","498.07132"
"27.44000","4.57007","498.21634"
"27.45000","4.57164","498.36957"
"27.46000","4.57326","498.54886"
"27.47000","4.57493","498.74146"
"27.48000","4.57665","498.94818"
"27.49000","4.57835","499.13852"
"27.50000","4.58001","499.32028"
"27.51000","4.58163","499.49329"
"27.52000","4.58324","499.65912"
"27.53000","4.58485","499.80676"
"27.54000","4.58646","499.96066"
"27.55000","4.58809","500.13748"
"27.56000","4.58977","500.32468"
"27.57000","4.59148","500.52057"
"27.58000","4.59320","500.71939"
"27.59000","4.59491","500.92566"
"27.60000","4.59663","501.12283"
"27.61000","4.59837","501.33847"
"27.62000","4.60013","501.55399"
"27.63000","4.60186","501.75381"
"27.64000","4.60351","501.92288"
"27.65000","4.60512","502.08173"
"27.66000","4.60673","502.24237"
"27.67000","4.60833","502.39417"
"27.68000","4.60992","502.55359"
"27.69000","4.61148","502.72562"
"27.70000","4.61304","502.87790"
"27.71000","4.61461","503.01773"
"27.72000","4.61622","503.18686"
"27.73000","4.61787","503.37729"
"27.74000","4.61954","503.58377"
"27.75000","4.62126","503.80246"
"27.76000","4.62301","504.01627"
"27.77000","4.62475","504.21841"
"27.78000","4.62644","504.40927"
"27.79000","4.62808","504.58252"
"27.80000","4.62972","504.75427"
"27.81000","4.63139","504.94116"
"27.82000","4.63309","505.12265"
"27.83000","4.63478","505.31470"
"27.84000","4.63646","505.51181"
"27.85000","4.63814","505.69806"
"27.86000","4.63984","505.87564"
"27.87000","4.64154","506.06131"
"27.88000","4.64320","506.25189"
"27.89000","4.64482","506.43387"
"27.90000","4.64642","506.61066"
"27.91000","4.64804","506.77219"
"27.92000","4.64969","506.94559"
"27.93000","4.65136","507.13870"
"27.94000","4.65309","507.34967"
"27.95000","4.65488","507.55215"
"27.96000","4.65672","507.77786"
"27.97000","4.65856","507.99704"
"27.98000","4.66037","508.20609"
"27.99000","4.66212","508.39175"
"28.00000","4.66382","508.58493"
"28.01000","4.66545","508.75821"
"28.02000","4.66701","508.92270"
"28.03000","4.66851","509.04117"
"28.04000","4.67002","509.16025"
"28.05000","4.67160","509.31125"
"28.06000","4.67327","509.49777"
"28.07000","4.67499","509.69727"
"28.08000","4.67670","509.89047"
"28.09000","4.67840","510.07672"
"28.10000","4.68009","510.27158"
"28.11000","4.68177","510.45139"
"28.12000","4.68342","510.62729"
"28.13000","4.68505","510.79944"
"28.14000","4.68667","510.97824"
"28.15000","4.68830","511.13629"
"28.16000","4.68993","511.29840"
"28.17000","4.69156","511.45721"
"28.18000","4.69320","511.63306"
"28.19000","4.69489","511.81055"
"28.20000","4.69661","512.00085"
"28.21000","4.69832","512.20172"
"28.22000","4.69997","512.37628"
"28.23000","4.70155","512.53253"
"28.24000","4.70314","512.68640"
"28.25000","4.70478","512.85522"
"28.26000","4.70648","513.05017"
"28.27000","4.70820","513.25446"
"28.28000","4.70991","513.45093"
"28.29000","4.71162","513.65454"
"28.30000","4.71332","513.85712"
"28.31000","4.71501","514.02527"
"28.32000","4.71668","514.18152"
"28.33000","4.71835","514.35785"
"28.34000","4.72002","514.53015"
"28.35000","4.72169","514.70380"
"28.36000","4.72333","514.87073"
"28.37000","4.72494","515.04242"
"28.38000","4.72657","515.21143"
"28.39000","4.72826","515.40326"
"28.40000","4.72999","515.61084"
"28.41000","4.73172","515.81464"
"28.42000","4.73341","516.01331"
"28.43000","4.73505","516.19440"
"28.44000","4.73670","516.36987"
"28.45000","4.73836","516.52441"
"28.46000","4.74002","516.68445"
"28.47000","4.74165","516.85834"
"28.48000","4.74328","517.02960"
"28.49000","4.74492","517.21210"
"28.50000","4.74660","517.39728"
"28.51000","4.74828","517.57129"
"28.52000","4.74998","517.74988"
"28.53000","4.75168","517.93701"
"28.54000","4.75339","518.11749"
"28.55000","4.75507","518.28510"
"28.56000","4.75669","518.44757"
"28.57000","4.75828","518.58746"
"28.58000","4.75986","518.73254"
"28.59000","4.76149","518.90729"
"28.60000","4.76313","519.09308"
"28.61000","4.76479","519.28455"
"28.62000","4.76644","519.48334"
"28.63000","4.76815","519.70081"
"28.64000","4.76993","519.90112"
"28.65000","4.77174","520.10638"
"28.66000","4.77352","520.30804"
"28.67000","4.77522","520.49457"
"28.68000","4.77683","520.65833"
"28.69000","4.77839","520.80707"
"28.70000","4.77992","520.94708"
"28.71000","4.78145","521.08069"
"28.72000","4.78302","521.24091"
"28.73000","4.78465","521.41296"
"28.74000","4.78634","521.58453"
"28.75000","4.78804","521.75635"
"28.76000","4.78973","521.95319"
"28.77000","4.79142","522.15790"
"28.78000","4.79311","522.34674"
"28.79000","4.79481","522.53223"
"28.80000","4.79646","522.71088"
"28.81000","4.79803","522.87689"
"28.82000","4.79957","523.01758"
"28.83000","4.80114","523.16077"
"28.84000","4.80279","523.34906"
"28.85000","4.80450","523.53137"
"28.86000","4.80625","523.74219"
"28.87000","4.80800","523.94885"
"28.88000","4.80974","524.13995"
"28.89000","4.81147","524.32520"
"28.90000","4.81317","524.51929"
"28.91000","4.81483","524.69751"
"28.92000","4.81648","524.86188"
"28.93000","4.81814","525.02777"
"28.94000","4.81979","525.20837"
"28.95000","4.82142","525.39319"
"28.96000","4.82305","525.56732"
"28.97000","4.82473","525.74493"
"28.98000","4.82648","525.95477"
"28.99000","4.82829","526.16718"
"29.00000","4.83011","526.39398"
"29.01000","4.83190","526.61646"
"29.02000","4.83364","526.82056"
"29.03000","4.83533","526.99579"
"29.04000","4.83697","527.13318"
"29.05000","4.83855","527.27057"
"29.06000","4.84011","527.40814"
"29.07000","4.84168","527.55371"
"29.08000","4.84331","527.71454"
"29.09000","4.84498","527.90216"
"29.10000","4.84669","528.10028"
"29.11000","4.84841","528.30200"
"29.12000","4.85015","528.49005"
"29.13000","4.85188","528.66412"
"29.14000","4.85356","528.85071"
"29.15000","4.85516","529.01843"
"29.16000","4.85673","529.18451"
"29.17000","4.85830","529.36182"
"29.18000","4.85991","529.53931"
"29.19000","4.86153","529.70190"
"29.20000","4.86315","529.86322"
"29.21000","4.86479","530.04163"
"29.22000","4.86649","530.22748"
"29.23000","4.86824","530.42859"
"29.24000","4.86998","530.62811"
"29.25000","4.87167","530.81653"
"29.26000","4.87331","530.98303"
"29.27000","4.87494","531.12329"
"29.28000","4.87657","531.27252"
"29.29000","4.87822","531.44830"
"29.30000","4.87988","531.63806"
"29.31000","4.88158","531.84570"
"29.32000","4.88329","532.05933"
"29.33000","4.88498","532.24982"
"29.34000","4.88662","532.40338"
"29.35000","4.88822","532.55212"
"29.36000","4.88983","532.71533"
"29.37000","4.89147","532.88715"
"29.38000","4.89314","533.07367"
"29.39000","4.89478","533.25934"
"29.40000","4.89641","533.43909"
"29.41000","4.89806","533.60626"
"29.42000","4.89978","533.78644"
"29.43000","4.90156","533.98199"
"29.44000","4.90334","534.19135"
"29.45000","4.90509","534.40204"
"29.46000","4.90679","534.60120"
"29.47000","4.90845","534.78497"
"29.48000","4.91009","534.95935"
"29.49000","4.91170","535.12408"
"29.50000","4.91333","535.29993"
"29.51000","4.91501","535.47687"
"29.52000","4.91672","535.66028"
"29.53000","4.91843","535.84302"
"29.54000","4.92010","536.01624"
"29.55000","4.92176","536.19647"
"29.56000","4.92343","536.37775"
"29.57000","4.92509","536.56140"
"29.58000","4.92670","536.73859"
"29.59000","4.92827","536.89374"
"29.60000","4.92981","537.04633"
"29.61000","4.93139","537.18689"
"29.62000","4.93303","537.34229"
"29.63000","4.93472","537.53125"
"29.64000","4.93644","537.71674"
"29.65000","4.93817","537.89038"
"29.66000","4.93991","538.07928"
"29.67000","4.94167","538.27222"
"29.68000","4.94342","538.48090"
"29.69000","4.94513","538.67651"
"29.70000","4.94681","538.86316"
"29.71000","4.94845","539.05682"
"29.72000","4.95005","539.22900"
"29.73000","4.95161","539.35284"
"29.74000","4.95314","539.47900"
"29.75000","4.95471","539.63934"
"29.76000","4.95634","539.80420"
"29.77000","4.95802","539.96918"
"29.78000","4.95969","540.12933"
"29.79000","4.96134","540.30933"
"29.80000","4.96301","540.49805"
"29.81000","4.96472","540.70081"
"29.82000","4.96644","540.91638"
"29.83000","4.96813","541.09949"
"29.84000","4.96975","541.23828"
"29.85000","4.97132","541.37769"
"29.86000","4.97291","541.54834"
"29.87000","4.97454","541.74329"
"29.88000","4.97624","541.94366"
"29.89000","4.97798","542.14886"
"29.90000","4.97977","542.37372"
"29.91000","4.98157","542.58948"
"29.92000","4.98330","542.77991"
"29.93000","4.98495","542.94122"
"29.94000","4.98655","543.08264"
"29.95000","4.98816","543.22595"
"29.96000","4.98978","543.38647"
"29.97000","4.99139","543.55121"
"29.98000","4.99298","543.70801"
"29.99000","4.99458","543.88208"
"30.00000","4.99626","544.07092"
"30.01000","4.99802","544.28906"
"30.02000","4.99985","544.52258"
"30.02100","5.00004","544.54620"
